kind,seq,event,input_received_ns,event_dispatch_completed_ns,state_update_completed_ns,render_started_ns,layout_completed_ns,render_completed_ns,terminal_flush_completed_ns,external_queue_latency_ns,screen_preparation_ns,transcript_render_ns,activity_render_ns,queue_todo_render_ns,composer_render_ns,overlay_render_ns,transcript_paint_calls,activity_paint_calls,queue_todo_paint_calls,composer_paint_calls,overlay_paint_calls,product_other_ns,core_render_ns,core_diff_ns,core_write_ns,core_total_draw_ns,buffer_cell_attempts,buffer_cell_writes,diff_cells,diff_spans,ansi_bytes,vt_sync_count_calls,vt_metadata_touches,vt_height_index_reset_entries,vt_height_index_update_calls,vt_cache_lookups,vt_cache_hits,vt_cache_misses,vt_layout_calls,vt_document_requests,vt_documents_materialized,vt_wrap_input_bytes,vt_measurement_invalidations,vt_visible_items,vt_items_visited,vt_items_painted,vt_rows_visited,vt_rows_painted,vt_changed_items,vt_item_paint_cell_attempts,vt_row_paint_cell_attempts,vt_item_background_cell_attempts,vt_content_cell_attempts,vt_layout_rows_requested,vt_cached_rows_used,vt_selective_item_invalidations,vt_selective_offscreen_invalidations,vt_fallback_full_viewport_paints,core_metrics_enabled,output_bytes,write_calls,flush_calls,event_queue_length,dispatch_ms,state_ms,layout_ms,render_ms,write_flush_ms,total_ms,scenario,data_count,run
operation,3,timer,1096207866,1096209323,1136531296,1136565476,1139366841,1171552471,1174096302,-1,2808906,30002786,7086,3365,0,2134843,1,1,0,0,1,30009,33625304,2423164,105653,36161571,-1,-1,1048,66,-1,-1,-1,-1,-1,-1,-1,-1,-1,-1,-1,-1,-1,-1,-1,-1,-1,-1,-1,-1,-1,-1,-1,-1,-1,-1,-1,-1,False,2386,1,1,0,0.001457,40.321973,2.801365,32.18563,2.543831,77.888436,stream,100000,1
operation,4,timer,1174316028,1174317046,1199693212,1199724621,1201916733,1272632401,1281416635,-1,2195820,58658480,12677,3345,0,12017502,1,1,0,0,1,19956,71875015,3122198,5648624,80654762,-1,-1,954,52,-1,-1,-1,-1,-1,-1,-1,-1,-1,-1,-1,-1,-1,-1,-1,-1,-1,-1,-1,-1,-1,-1,-1,-1,-1,-1,-1,-1,False,2179,1,1,0,0.001018,25.376166,2.192112,70.715668,8.784234,107.100607,stream,100000,1
operation,5,timer,1281664071,1281665154,1281701149,1281715923,1284099247,1354904495,1371219735,-1,2387609,68551759,8653,3648,0,2220382,1,1,0,0,1,16521,72077187,16148326,152591,88387313,-1,-1,860,50,-1,-1,-1,-1,-1,-1,-1,-1,-1,-1,-1,-1,-1,-1,-1,-1,-1,-1,-1,-1,-1,-1,-1,-1,-1,-1,-1,-1,False,1886,1,1,0,0.001083,0.035995,2.383324,70.805248,16.31524,89.555664,stream,100000,1
operation,6,timer,1371451767,1371452778,1371483947,1371496305,1380053557,1455013055,1464481030,-1,8562451,67664053,9341,3562,0,7261624,1,1,0,0,1,15719,80093222,8796609,659110,89557336,-1,-1,766,49,-1,-1,-1,-1,-1,-1,-1,-1,-1,-1,-1,-1,-1,-1,-1,-1,-1,-1,-1,-1,-1,-1,-1,-1,-1,-1,-1,-1,False,1780,1,1,0,0.001011,0.031169,8.557252,74.959498,9.467975,93.029263,stream,100000,1
operation,7,timer,1464955653,1464956780,1464988551,1465001182,1471725226,1514098014,1519543096,-1,6729284,40021318,7420,5147,0,2311356,1,1,0,0,1,22307,45118891,5005567,423026,50557703,-1,-1,764,49,-1,-1,-1,-1,-1,-1,-1,-1,-1,-1,-1,-1,-1,-1,-1,-1,-1,-1,-1,-1,-1,-1,-1,-1,-1,-1,-1,-1,False,1777,1,1,0,0.001127,0.031771,6.724044,42.372788,5.445082,54.587443,stream,100000,1
operation,8,timer,1519829106,1519830123,1519862217,1519875306,1526948031,1559374645,1568614930,-1,7078090,29905834,9494,5011,0,2475470,1,1,0,0,1,25440,35321473,8497000,727214,44555904,-1,-1,741,44,-1,-1,-1,-1,-1,-1,-1,-1,-1,-1,-1,-1,-1,-1,-1,-1,-1,-1,-1,-1,-1,-1,-1,-1,-1,-1,-1,-1,False,1710,1,1,0,0.001017,0.032094,7.072725,32.426614,9.240285,48.785824,stream,100000,1
operation,9,timer,1568981614,1568982817,1569035365,1569053175,1582845045,1654483197,1668804460,-1,13797395,67410055,8082,2739,0,4191697,1,1,0,0,1,20054,75563659,14212595,97541,89880048,-1,-1,748,49,-1,-1,-1,-1,-1,-1,-1,-1,-1,-1,-1,-1,-1,-1,-1,-1,-1,-1,-1,-1,-1,-1,-1,-1,-1,-1,-1,-1,False,1761,1,1,0,0.001203,0.052548,13.79187,71.638152,14.321263,99.822846,stream,100000,1
operation,10,timer,1669075305,1669076505,1669112331,1669128441,1673307243,1733022547,1738796788,-1,4189795,54919735,7512,2425,0,4751628,1,1,0,0,1,23011,62464845,2398416,3334863,68224366,-1,-1,787,40,-1,-1,-1,-1,-1,-1,-1,-1,-1,-1,-1,-1,-1,-1,-1,-1,-1,-1,-1,-1,-1,-1,-1,-1,-1,-1,-1,-1,False,1861,1,1,0,0.0012,0.035826,4.178802,59.715304,5.774241,69.721483,stream,100000,1
operation,11,timer,1739409973,1739411079,1739483190,1739496825,1741817146,1811774751,1824379253,-1,2326664,61972977,219673,5940,0,7732970,1,1,0,0,1,19702,71118474,12100498,494803,83719422,-1,-1,756,39,-1,-1,-1,-1,-1,-1,-1,-1,-1,-1,-1,-1,-1,-1,-1,-1,-1,-1,-1,-1,-1,-1,-1,-1,-1,-1,-1,-1,False,1623,1,1,0,0.001106,0.072111,2.320321,69.957605,12.604502,84.96928,stream,100000,1
operation,12,timer,1825147052,1825148361,1825514680,1825552563,1839056221,1931367671,1936039976,-1,13514404,90139756,11227,3585,0,2128651,1,1,0,0,1,17485,103315092,3946579,428724,107712467,-1,-1,661,39,-1,-1,-1,-1,-1,-1,-1,-1,-1,-1,-1,-1,-1,-1,-1,-1,-1,-1,-1,-1,-1,-1,-1,-1,-1,-1,-1,-1,False,1529,1,1,0,0.001309,0.366319,13.503658,92.31145,4.672305,110.892924,stream,100000,1
operation,13,timer,1936554233,1936555613,1936589173,1936603690,1943099213,1984762589,1992615227,-1,6503671,37239295,9077,3507,0,4380008,1,1,0,0,1,23341,44352805,7731583,109270,52200949,-1,-1,599,39,-1,-1,-1,-1,-1,-1,-1,-1,-1,-1,-1,-1,-1,-1,-1,-1,-1,-1,-1,-1,-1,-1,-1,-1,-1,-1,-1,-1,False,1283,1,1,0,0.00138,0.03356,6.495523,41.663376,7.852638,56.060994,stream,100000,1
operation,14,timer,1992838853,1992839850,1992873038,1992885684,2003006878,2028527540,2032979577,-1,10126541,23119727,18617,4930,0,2352525,1,1,0,0,1,19516,30004229,4307068,133640,34451490,-1,-1,524,44,-1,-1,-1,-1,-1,-1,-1,-1,-1,-1,-1,-1,-1,-1,-1,-1,-1,-1,-1,-1,-1,-1,-1,-1,-1,-1,-1,-1,False,1248,1,1,0,0.000997,0.033188,10.121194,25.520662,4.452037,40.140724,stream,100000,1
operation,15,timer,2033272989,2033274120,2033304504,2033318130,2039802066,2081965068,2085911633,-1,6489142,40047337,7650,3497,0,2084068,1,1,0,0,1,15244,44857748,3809459,125398,48799875,-1,-1,430,42,-1,-1,-1,-1,-1,-1,-1,-1,-1,-1,-1,-1,-1,-1,-1,-1,-1,-1,-1,-1,-1,-1,-1,-1,-1,-1,-1,-1,False,954,1,1,0,0.001131,0.030384,6.483936,42.163002,3.946565,52.638644,stream,100000,1
operation,16,timer,2086224517,2086225914,2086277190,2086290742,2092133645,2130317502,2137092399,-1,5852169,34767993,23968,3570,0,3337214,1,1,0,0,1,41846,40823133,6645299,115957,47592252,-1,-1,336,41,-1,-1,-1,-1,-1,-1,-1,-1,-1,-1,-1,-1,-1,-1,-1,-1,-1,-1,-1,-1,-1,-1,-1,-1,-1,-1,-1,-1,False,842,1,1,0,0.001397,0.051276,5.842903,38.183857,6.774897,50.867882,stream,100000,1
operation,17,timer,2137357056,2137358229,2137390270,2137405414,2143788552,2173568999,2178009508,-1,6387808,21818430,17983,4035,0,7915343,1,1,0,0,1,19986,32358424,4313211,115801,36794712,-1,-1,334,41,-1,-1,-1,-1,-1,-1,-1,-1,-1,-1,-1,-1,-1,-1,-1,-1,-1,-1,-1,-1,-1,-1,-1,-1,-1,-1,-1,-1,False,840,1,1,0,0.001173,0.032041,6.383138,29.780447,4.440509,40.652452,stream,100000,1
operation,18,timer,2178274863,2178275902,2178308941,2178322638,2185114405,2202507509,2208496142,-1,6796983,15117962,7025,3606,0,2245756,1,1,0,0,1,13539,20243823,5752042,211560,26223543,-1,-1,306,41,-1,-1,-1,-1,-1,-1,-1,-1,-1,-1,-1,-1,-1,-1,-1,-1,-1,-1,-1,-1,-1,-1,-1,-1,-1,-1,-1,-1,False,808,1,1,0,0.001039,0.033039,6.791767,17.393104,5.988633,30.221279,stream,100000,1
operation,19,timer,2208938973,2208940171,2208976989,2208990124,2216670022,2231791047,2236897686,-1,7684869,13388105,7428,2410,0,1677230,1,1,0,0,1,40881,17597431,5000778,92113,22697088,-1,-1,298,40,-1,-1,-1,-1,-1,-1,-1,-1,-1,-1,-1,-1,-1,-1,-1,-1,-1,-1,-1,-1,-1,-1,-1,-1,-1,-1,-1,-1,False,794,1,1,0,0.001198,0.036818,7.679898,15.121025,5.106639,27.958713,stream,100000,1
operation,20,timer,2237330329,2237332223,2237364169,2237391258,2240488902,2254438259,2256689655,-1,3103985,12266443,8639,2791,0,1636606,1,1,0,0,1,28537,15318021,2113458,119308,17561542,-1,-1,273,32,-1,-1,-1,-1,-1,-1,-1,-1,-1,-1,-1,-1,-1,-1,-1,-1,-1,-1,-1,-1,-1,-1,-1,-1,-1,-1,-1,-1,False,711,1,1,0,0.001894,0.031946,3.097644,13.949357,2.251396,19.359326,stream,100000,1
operation,21,timer,2257007601,2257009191,2257059774,2257074922,2261754912,2271755126,2273970763,-1,4683350,8146857,17468,5611,0,1792418,1,1,0,0,1,34500,11187222,1853988,348802,13396740,-1,-1,178,32,-1,-1,-1,-1,-1,-1,-1,-1,-1,-1,-1,-1,-1,-1,-1,-1,-1,-1,-1,-1,-1,-1,-1,-1,-1,-1,-1,-1,False,425,1,1,0,0.00159,0.050583,4.67999,10.000214,2.215637,16.963162,stream,100000,1
operation,22,timer,2274495841,2274496833,2274526935,2274538860,2277245887,2287284855,2289570813,-1,2711157,7833901,9412,4557,0,2160148,1,1,0,0,1,26820,11584094,2192449,81575,13864544,-1,-1,83,32,-1,-1,-1,-1,-1,-1,-1,-1,-1,-1,-1,-1,-1,-1,-1,-1,-1,-1,-1,-1,-1,-1,-1,-1,-1,-1,-1,-1,False,331,1,1,0,0.000992,0.030102,2.707027,10.038968,2.285958,15.074972,stream,100000,1
operation,23,timer,2289799229,2289800230,2289831375,2289843704,2291641418,2301098636,2303241646,-1,1801459,7809096,5654,2394,0,1621073,1,1,0,0,1,15256,10421656,2041448,91357,12560432,-1,-1,73,31,-1,-1,-1,-1,-1,-1,-1,-1,-1,-1,-1,-1,-1,-1,-1,-1,-1,-1,-1,-1,-1,-1,-1,-1,-1,-1,-1,-1,False,315,1,1,0,0.001001,0.031145,1.797714,9.457218,2.14301,13.442417,stream,100000,1
operation,24,timer,2303458623,2303459640,2303502629,2303515535,2305474481,2316288110,2318295184,-1,1962285,9149145,6379,2365,0,1630682,1,1,0,0,1,21719,11862764,1937496,61598,13866095,-1,-1,87,30,-1,-1,-1,-1,-1,-1,-1,-1,-1,-1,-1,-1,-1,-1,-1,-1,-1,-1,-1,-1,-1,-1,-1,-1,-1,-1,-1,-1,False,327,1,1,0,0.001017,0.042989,1.958946,10.813629,2.007074,14.836561,stream,100000,1
operation,25,timer,2318534733,2318535579,2318562675,2318574006,2320830000,2331361117,2334301086,-1,2259091,8831383,7025,3244,0,1669359,1,1,0,0,1,17009,11759010,2831133,95217,14692229,-1,-1,56,22,-1,-1,-1,-1,-1,-1,-1,-1,-1,-1,-1,-1,-1,-1,-1,-1,-1,-1,-1,-1,-1,-1,-1,-1,-1,-1,-1,-1,False,234,1,1,0,0.000846,0.027096,2.255994,10.531117,2.939969,15.766353,stream,100000,1
operation,26,timer,2334808543,2334810267,2334876463,2334893744,2337368865,2345793407,2348392807,-1,2477636,6854587,6791,3107,0,1545603,1,1,0,0,1,11939,9514946,2515012,75712,12110604,-1,-1,56,22,-1,-1,-1,-1,-1,-1,-1,-1,-1,-1,-1,-1,-1,-1,-1,-1,-1,-1,-1,-1,-1,-1,-1,-1,-1,-1,-1,-1,False,234,1,1,0,0.001724,0.066196,2.475121,8.424542,2.5994,13.584264,stream,100000,1
operation,27,timer,2348639424,2348640565,2348671463,2348682406,2351327235,2361631241,2363667124,-1,2649467,8586745,11501,4117,0,1681996,1,1,0,0,1,15009,11923452,1955943,70883,13955454,-1,-1,56,22,-1,-1,-1,-1,-1,-1,-1,-1,-1,-1,-1,-1,-1,-1,-1,-1,-1,-1,-1,-1,-1,-1,-1,-1,-1,-1,-1,-1,False,234,1,1,0,0.001141,0.030898,2.644829,10.304006,2.035883,15.0277,stream,100000,1
operation,28,timer,2363914941,2363916011,2363948019,2363959445,2366413970,2378734775,2384543824,-1,2460449,10567438,7688,2762,0,1722313,1,1,0,0,1,14680,13583679,5645330,143182,19387655,-1,-1,56,22,-1,-1,-1,-1,-1,-1,-1,-1,-1,-1,-1,-1,-1,-1,-1,-1,-1,-1,-1,-1,-1,-1,-1,-1,-1,-1,-1,-1,False,234,1,1,0,0.00107,0.032008,2.454525,12.320805,5.809049,20.628883,stream,100000,1
operation,29,timer,2385144747,2385145992,2385200815,2385223397,2398297949,2414868781,2419479069,-1,13081806,13587151,8445,5245,0,2938209,1,1,0,0,1,24528,22032500,4491617,105994,26637348,-1,-1,56,22,-1,-1,-1,-1,-1,-1,-1,-1,-1,-1,-1,-1,-1,-1,-1,-1,-1,-1,-1,-1,-1,-1,-1,-1,-1,-1,-1,-1,False,234,1,1,0,0.001245,0.054823,13.074552,16.570832,4.610288,34.334322,stream,100000,1
operation,30,timer,2419811544,2419812664,2419845058,2419859741,2434828582,2451388755,2456963552,-1,14987204,13335507,9391,12406,0,3166026,1,1,0,0,1,18480,20093306,5221714,340797,25663771,-1,-1,56,22,-1,-1,-1,-1,-1,-1,-1,-1,-1,-1,-1,-1,-1,-1,-1,-1,-1,-1,-1,-1,-1,-1,-1,-1,-1,-1,-1,-1,False,234,1,1,0,0.00112,0.032394,14.968841,16.560173,5.574797,37.152008,stream,100000,1
operation,31,timer,2457526119,2457527255,2457563980,2457577593,2467804622,2481679384,2485924061,-1,10232870,11782314,8166,5143,0,2058041,1,1,0,0,1,15257,17564747,3786901,437715,21805068,-1,-1,56,22,-1,-1,-1,-1,-1,-1,-1,-1,-1,-1,-1,-1,-1,-1,-1,-1,-1,-1,-1,-1,-1,-1,-1,-1,-1,-1,-1,-1,False,234,1,1,0,0.001136,0.036725,10.227029,13.874762,4.244677,28.397942,stream,100000,1
operation,32,timer,2486599338,2486600584,2486639629,2486654795,2494334862,2509464397,2518983793,-1,7685316,11998878,10299,4623,0,3078296,1,1,0,0,1,32190,17849608,9158013,347561,27362843,-1,-1,56,22,-1,-1,-1,-1,-1,-1,-1,-1,-1,-1,-1,-1,-1,-1,-1,-1,-1,-1,-1,-1,-1,-1,-1,-1,-1,-1,-1,-1,False,234,1,1,0,0.001246,0.039045,7.680067,15.129535,9.519396,32.384455,stream,100000,1
operation,33,timer,2519316670,2519317741,2519349569,2519364889,2528222313,2544610508,2550998109,-1,8869849,12558305,10503,3384,0,3775847,1,1,0,0,1,27731,20116515,5666248,699107,26497325,-1,-1,57,22,-1,-1,-1,-1,-1,-1,-1,-1,-1,-1,-1,-1,-1,-1,-1,-1,-1,-1,-1,-1,-1,-1,-1,-1,-1,-1,-1,-1,False,235,1,1,0,0.001071,0.031828,8.857424,16.388195,6.387601,31.681439,stream,100000,1
operation,34,timer,2551790019,2551791503,2551832946,2551851035,2568105880,2599692562,2607422363,-1,16269996,22787007,9368,3441,0,8751733,1,1,0,0,1,19982,35239970,7603332,113722,42965626,-1,-1,57,22,-1,-1,-1,-1,-1,-1,-1,-1,-1,-1,-1,-1,-1,-1,-1,-1,-1,-1,-1,-1,-1,-1,-1,-1,-1,-1,-1,-1,False,235,1,1,0,0.001484,0.041443,16.254845,31.586682,7.729801,55.632344,stream,100000,1
operation,35,timer,2607770804,2607771978,2607810408,2607827963,2616250351,2640515999,2643448673,-1,8427550,20267328,7603,2246,0,3940407,1,1,0,0,1,42902,27550411,2841456,75808,30475466,-1,-1,24,22,-1,-1,-1,-1,-1,-1,-1,-1,-1,-1,-1,-1,-1,-1,-1,-1,-1,-1,-1,-1,-1,-1,-1,-1,-1,-1,-1,-1,False,195,1,1,0,0.001174,0.03843,8.422388,24.265648,2.932674,35.677869,stream,100000,1
operation,36,timer,2643813551,2643815748,2643912743,2643930810,2646630088,2657030152,2659314259,-1,2703005,8648587,6218,2458,0,1722501,1,1,0,0,1,16573,11702169,2203808,70510,13982221,-1,-1,24,22,-1,-1,-1,-1,-1,-1,-1,-1,-1,-1,-1,-1,-1,-1,-1,-1,-1,-1,-1,-1,-1,-1,-1,-1,-1,-1,-1,-1,False,195,1,1,0,0.002197,0.096995,2.699278,10.400064,2.284107,15.500708,stream,100000,1
operation,37,timer,2659582030,2659583515,2659613643,2659627062,2662071364,2695450676,2698784164,-1,2448050,29426248,7344,2616,0,3886226,1,1,0,0,1,53130,34700252,3258711,65196,38029322,-1,-1,24,22,-1,-1,-1,-1,-1,-1,-1,-1,-1,-1,-1,-1,-1,-1,-1,-1,-1,-1,-1,-1,-1,-1,-1,-1,-1,-1,-1,-1,False,195,1,1,0,0.001485,0.030128,2.444302,33.379312,3.333488,39.202134,stream,100000,1
operation,38,timer,2699108021,2699109627,2699148689,2699164989,2701992955,2719362374,2721759807,-1,2836374,15585089,12465,3938,0,1743691,1,1,0,0,1,15828,18857338,2069377,319285,21251242,-1,-1,24,22,-1,-1,-1,-1,-1,-1,-1,-1,-1,-1,-1,-1,-1,-1,-1,-1,-1,-1,-1,-1,-1,-1,-1,-1,-1,-1,-1,-1,False,195,1,1,0,0.001606,0.039062,2.827966,17.369419,2.397433,22.651786,stream,100000,1
operation,39,timer,2722233812,2722234968,2722262979,2722275191,2730504087,2754213543,2756351217,-1,8233151,21865474,6075,3410,0,1815635,1,1,0,0,1,14607,25756764,2060070,67159,27889241,-1,-1,24,22,-1,-1,-1,-1,-1,-1,-1,-1,-1,-1,-1,-1,-1,-1,-1,-1,-1,-1,-1,-1,-1,-1,-1,-1,-1,-1,-1,-1,False,195,1,1,0,0.001156,0.028011,8.228896,23.709456,2.137674,34.117405,stream,100000,1
operation,40,timer,2756622296,2756623345,2756653474,2756666273,2759059927,2770659692,2772968535,-1,2398077,9573383,11309,3879,0,1988003,1,1,0,0,1,18768,12924696,2228755,69923,15228799,-1,-1,24,22,-1,-1,-1,-1,-1,-1,-1,-1,-1,-1,-1,-1,-1,-1,-1,-1,-1,-1,-1,-1,-1,-1,-1,-1,-1,-1,-1,-1,False,195,1,1,0,0.001049,0.030129,2.393654,11.599765,2.308843,16.346239,stream,100000,1
operation,41,timer,2773260898,2773262215,2773293691,2773305342,2775720479,2793866606,2802661330,-1,2420293,14127980,6314,2665,0,3986618,1,1,0,0,1,17394,19359124,8675642,106971,28149648,-1,-1,24,22,-1,-1,-1,-1,-1,-1,-1,-1,-1,-1,-1,-1,-1,-1,-1,-1,-1,-1,-1,-1,-1,-1,-1,-1,-1,-1,-1,-1,False,195,1,1,0,0.001317,0.031476,2.415137,18.146127,8.794724,29.400432,stream,100000,1
operation,42,timer,2803296367,2803297783,2803330670,2803344613,2819775193,2837423647,2845409310,-1,16437087,14761779,7730,4369,0,2836605,1,1,0,0,1,31464,21000373,7857889,112427,28979976,-1,-1,24,22,-1,-1,-1,-1,-1,-1,-1,-1,-1,-1,-1,-1,-1,-1,-1,-1,-1,-1,-1,-1,-1,-1,-1,-1,-1,-1,-1,-1,False,195,1,1,0,0.001416,0.032887,16.43058,17.648454,7.985663,42.112943,stream,100000,1
operation,43,timer,2845678452,2845679435,2845710726,2845723331,2855360258,2877397698,2882480037,-1,9641776,17303157,18901,5396,0,4678228,1,1,0,0,1,26909,27344380,4990520,79449,32420993,-1,-1,25,22,-1,-1,-1,-1,-1,-1,-1,-1,-1,-1,-1,-1,-1,-1,-1,-1,-1,-1,-1,-1,-1,-1,-1,-1,-1,-1,-1,-1,False,196,1,1,0,0.000983,0.031291,9.636927,22.03744,5.082339,36.801585,stream,100000,1
operation,44,timer,2882741453,2882742680,2882773640,2882786003,2890057298,2919650127,2932783121,-1,7277047,22672732,9345,3252,0,6882843,1,1,0,0,1,18905,32818459,11438797,1667260,45940280,-1,-1,25,22,-1,-1,-1,-1,-1,-1,-1,-1,-1,-1,-1,-1,-1,-1,-1,-1,-1,-1,-1,-1,-1,-1,-1,-1,-1,-1,-1,-1,False,196,1,1,0,0.001227,0.03096,7.271295,29.592829,13.132994,50.041668,stream,100000,1
operation,45,timer,2933296705,2933298153,2933386782,2933409605,2952590269,2979799745,2991767490,-1,19185635,24816650,20834,5493,0,2341983,1,1,0,0,1,19545,34312861,11773251,170853,46273704,-1,-1,24,22,-1,-1,-1,-1,-1,-1,-1,-1,-1,-1,-1,-1,-1,-1,-1,-1,-1,-1,-1,-1,-1,-1,-1,-1,-1,-1,-1,-1,False,195,1,1,0,0.001448,0.088629,19.180664,27.209476,11.967745,58.470785,stream,100000,1
operation,46,timer,2992223228,2992225285,2992276827,2992291408,3001999076,3016227611,3022020134,-1,9712786,11570115,7975,4253,0,2623594,1,1,0,0,1,17480,17495871,5649506,126513,23282746,-1,-1,24,22,-1,-1,-1,-1,-1,-1,-1,-1,-1,-1,-1,-1,-1,-1,-1,-1,-1,-1,-1,-1,-1,-1,-1,-1,-1,-1,-1,-1,False,195,1,1,0,0.002057,0.051542,9.707668,14.228535,5.792523,29.796906,stream,100000,1
operation,47,timer,3022293463,3022294339,3022320930,3022329723,3029581005,3043872301,3048306033,-1,7256401,11691585,9648,4095,0,2550295,1,1,0,0,1,30554,17592787,4327605,91658,22020808,-1,-1,24,22,-1,-1,-1,-1,-1,-1,-1,-1,-1,-1,-1,-1,-1,-1,-1,-1,-1,-1,-1,-1,-1,-1,-1,-1,-1,-1,-1,-1,False,195,1,1,0,0.000876,0.026591,7.251282,14.291296,4.433732,26.01257,stream,100000,1
operation,48,timer,3048574078,3048575588,3048605787,3048618574,3058381964,3080277840,3087515442,-1,9768588,16538450,7262,3727,0,5321287,1,1,0,0,1,19952,27550576,7134550,90567,34783175,-1,-1,24,22,-1,-1,-1,-1,-1,-1,-1,-1,-1,-1,-1,-1,-1,-1,-1,-1,-1,-1,-1,-1,-1,-1,-1,-1,-1,-1,-1,-1,False,195,1,1,0,0.00151,0.030199,9.76339,21.895876,7.237602,38.941364,stream,100000,1
operation,49,timer,3087769280,3087770397,3087799764,3087813206,3103046374,3131827994,3139303510,-1,15238959,23584643,7809,3427,0,5159704,1,1,0,0,1,20246,34356711,7373831,89661,41827405,-1,-1,24,22,-1,-1,-1,-1,-1,-1,-1,-1,-1,-1,-1,-1,-1,-1,-1,-1,-1,-1,-1,-1,-1,-1,-1,-1,-1,-1,-1,-1,False,195,1,1,0,0.001117,0.029367,15.233168,28.78162,7.475516,51.53423,stream,100000,1
operation,50,timer,3139549151,3139550172,3139580360,3139592821,3160321018,3189953004,3195108221,-1,20733253,24712060,17456,4457,0,4873182,1,1,0,0,1,19775,36645716,5068780,78332,41797391,-1,-1,24,22,-1,-1,-1,-1,-1,-1,-1,-1,-1,-1,-1,-1,-1,-1,-1,-1,-1,-1,-1,-1,-1,-1,-1,-1,-1,-1,-1,-1,False,195,1,1,0,0.001021,0.030188,20.728197,29.631986,5.155217,55.55907,stream,100000,1
operation,51,timer,3195361337,3195362490,3195392836,3195404177,3200672632,3219597800,3222221513,-1,5272720,16894474,15484,4007,0,1987232,1,1,0,0,1,19706,20227674,2510541,103581,22847441,-1,-1,24,22,-1,-1,-1,-1,-1,-1,-1,-1,-1,-1,-1,-1,-1,-1,-1,-1,-1,-1,-1,-1,-1,-1,-1,-1,-1,-1,-1,-1,False,195,1,1,0,0.001153,0.030346,5.268455,18.925168,2.623713,26.860176,stream,100000,1
operation,52,timer,3222529787,3222530900,3222565974,3222601526,3224913756,3237245645,3239788028,-1,2316149,10275639,7084,2789,0,1992565,1,1,0,0,1,49893,13588637,2124609,402818,16122870,-1,-1,24,22,-1,-1,-1,-1,-1,-1,-1,-1,-1,-1,-1,-1,-1,-1,-1,-1,-1,-1,-1,-1,-1,-1,-1,-1,-1,-1,-1,-1,False,195,1,1,0,0.001113,0.035074,2.31223,12.331889,2.542383,17.258241,stream,100000,1
operation,53,timer,3240300200,3240301384,3240337742,3240350573,3243359819,3259167160,3261203971,-1,3016621,14080991,6760,2590,0,1692831,1,1,0,0,1,16794,17773597,1941920,83887,19805757,-1,-1,25,22,-1,-1,-1,-1,-1,-1,-1,-1,-1,-1,-1,-1,-1,-1,-1,-1,-1,-1,-1,-1,-1,-1,-1,-1,-1,-1,-1,-1,False,196,1,1,0,0.001184,0.036358,3.009246,15.807341,2.036811,20.903771,stream,100000,1
operation,54,timer,3261460383,3261461329,3261493796,3261506297,3263750574,3274538692,3276731059,-1,2248074,9086646,7734,2255,0,1664270,1,1,0,0,1,23416,11959571,2052570,123576,14144909,-1,-1,25,22,-1,-1,-1,-1,-1,-1,-1,-1,-1,-1,-1,-1,-1,-1,-1,-1,-1,-1,-1,-1,-1,-1,-1,-1,-1,-1,-1,-1,False,196,1,1,0,0.000946,0.032467,2.244277,10.788118,2.192367,15.270676,stream,100000,1
operation,55,timer,3277133410,3277134869,3277731441,3277774253,3280046882,3291403446,3293926076,-1,2283556,9661738,6325,2518,0,1657645,1,1,0,0,1,17411,12578124,1838664,666211,15094050,-1,-1,24,22,-1,-1,-1,-1,-1,-1,-1,-1,-1,-1,-1,-1,-1,-1,-1,-1,-1,-1,-1,-1,-1,-1,-1,-1,-1,-1,-1,-1,False,195,1,1,0,0.001459,0.596572,2.272629,11.356564,2.52263,16.792666,stream,100000,1
operation,56,timer,3294604991,3294606244,3294652878,3294664785,3297818964,3314833922,3318083226,-1,3157958,15157962,7639,2765,0,1825690,1,1,0,0,1,17123,18854815,2518341,714721,22098099,-1,-1,24,22,-1,-1,-1,-1,-1,-1,-1,-1,-1,-1,-1,-1,-1,-1,-1,-1,-1,-1,-1,-1,-1,-1,-1,-1,-1,-1,-1,-1,False,195,1,1,0,0.001253,0.046634,3.154179,17.014958,3.249304,23.478235,stream,100000,1
operation,57,timer,3318614280,3318615332,3318652100,3318663362,3320982749,3332590557,3335090311,-1,2323734,9654990,6725,3300,0,1916216,1,1,0,0,1,22230,12869985,2395139,92147,15363511,-1,-1,24,22,-1,-1,-1,-1,-1,-1,-1,-1,-1,-1,-1,-1,-1,-1,-1,-1,-1,-1,-1,-1,-1,-1,-1,-1,-1,-1,-1,-1,False,195,1,1,0,0.001052,0.036768,2.319387,11.607808,2.499754,16.476031,stream,100000,1
operation,58,timer,3335365708,3335366812,3335400799,3335412608,3340334277,3357719964,3363386833,-1,4925129,11707058,7882,3570,0,5647537,1,1,0,0,1,16180,19953927,5334221,289388,25613952,-1,-1,24,22,-1,-1,-1,-1,-1,-1,-1,-1,-1,-1,-1,-1,-1,-1,-1,-1,-1,-1,-1,-1,-1,-1,-1,-1,-1,-1,-1,-1,False,195,1,1,0,0.001104,0.033987,4.921669,17.385687,5.666869,28.021125,stream,100000,1
operation,59,timer,3364111280,3364112481,3364149268,3364620240,3372866205,3401537460,3408668386,-1,8250792,23013331,10961,3977,0,5609796,1,1,0,0,1,28363,32189516,6471720,202409,38872361,-1,-1,24,22,-1,-1,-1,-1,-1,-1,-1,-1,-1,-1,-1,-1,-1,-1,-1,-1,-1,-1,-1,-1,-1,-1,-1,-1,-1,-1,-1,-1,False,195,1,1,0,0.001201,0.036787,8.245965,28.671255,7.130926,44.557106,stream,100000,1
operation,60,timer,3409359755,3409360948,3409411009,3409426170,3420593459,3434937241,3439459617,-1,11175409,12036872,12986,3755,0,2246022,1,1,0,0,1,36027,20319646,4274750,221474,24831792,-1,-1,24,22,-1,-1,-1,-1,-1,-1,-1,-1,-1,-1,-1,-1,-1,-1,-1,-1,-1,-1,-1,-1,-1,-1,-1,-1,-1,-1,-1,-1,False,195,1,1,0,0.001193,0.050061,11.167289,14.343782,4.522376,30.099862,stream,100000,1
operation,61,timer,3439869054,3439870667,3439947723,3439964582,3449921622,3466988905,3472954999,-1,9963401,14605346,8214,3698,0,2415513,1,1,0,0,1,28151,20185949,5612230,326908,26142123,-1,-1,24,22,-1,-1,-1,-1,-1,-1,-1,-1,-1,-1,-1,-1,-1,-1,-1,-1,-1,-1,-1,-1,-1,-1,-1,-1,-1,-1,-1,-1,False,195,1,1,0,0.001613,0.077056,9.95704,17.067283,5.966094,33.085945,stream,100000,1
operation,62,timer,3473332830,3473334143,3473362384,3473380347,3483465066,3519150069,3522328265,-1,10089739,17784573,7118,13314,15884156,1953328,1,1,2,1,1,37494,38606528,3081648,86734,41780183,-1,-1,24,22,-1,-1,-1,-1,-1,-1,-1,-1,-1,-1,-1,-1,-1,-1,-1,-1,-1,-1,-1,-1,-1,-1,-1,-1,-1,-1,-1,-1,False,195,1,1,0,0.001313,0.028241,10.084719,35.685003,3.178196,48.995435,stream,100000,1
operation,3,timer,2429596671,2429597946,2498255139,2498286137,2500669712,2531174609,2533382919,-1,2387256,28863469,5706,3095,0,1614280,1,1,0,0,1,14666,31601931,2083561,115131,33805748,-1,-1,1048,66,-1,-1,-1,-1,-1,-1,-1,-1,-1,-1,-1,-1,-1,-1,-1,-1,-1,-1,-1,-1,-1,-1,-1,-1,-1,-1,-1,-1,False,2386,1,1,0,0.001275,68.657193,2.383575,30.504897,2.20831,103.786248,stream,100000,2
operation,4,timer,2533623274,2533624146,2550151843,2550183933,2552352353,2582133449,2584262589,-1,2172173,28068845,6120,3011,0,1685337,1,1,0,0,1,14030,30933991,2017291,102024,33059031,-1,-1,954,52,-1,-1,-1,-1,-1,-1,-1,-1,-1,-1,-1,-1,-1,-1,-1,-1,-1,-1,-1,-1,-1,-1,-1,-1,-1,-1,-1,-1,False,2179,1,1,0,0.000872,16.527697,2.16842,29.781096,2.12914,50.639315,stream,100000,2
operation,5,timer,2584514483,2584515716,2584548523,2584561484,2594644831,2653425689,2675778452,-1,10088567,51087673,20267,7928,0,7626171,1,1,0,0,1,33599,67821290,22176922,154472,90163481,-1,-1,860,50,-1,-1,-1,-1,-1,-1,-1,-1,-1,-1,-1,-1,-1,-1,-1,-1,-1,-1,-1,-1,-1,-1,-1,-1,-1,-1,-1,-1,False,1886,1,1,0,0.001233,0.032807,10.083347,58.780858,22.352763,91.263969,stream,100000,2
operation,6,timer,2676047485,2676048548,2676089253,2676104091,2682417330,2710748205,2714997973,-1,6323226,26159876,6452,4271,0,2134438,1,1,0,0,1,15851,30877818,4085339,150943,35123109,-1,-1,766,49,-1,-1,-1,-1,-1,-1,-1,-1,-1,-1,-1,-1,-1,-1,-1,-1,-1,-1,-1,-1,-1,-1,-1,-1,-1,-1,-1,-1,False,1780,1,1,0,0.001063,0.040705,6.313239,28.330875,4.249768,38.950488,stream,100000,2
operation,7,timer,2715260807,2715261855,2715293968,2715308703,2721893257,2767407369,2772024028,-1,6590376,25174375,6324,3430,0,20304882,1,1,0,0,1,19279,48219496,4165880,438103,52831444,-1,-1,764,49,-1,-1,-1,-1,-1,-1,-1,-1,-1,-1,-1,-1,-1,-1,-1,-1,-1,-1,-1,-1,-1,-1,-1,-1,-1,-1,-1,-1,False,1777,1,1,0,0.001048,0.032113,6.584554,45.514112,4.616659,56.763221,stream,100000,2
operation,8,timer,2772477824,2772478804,2772509081,2772522051,2779132961,2807117631,2811538997,-1,6620977,25784696,6193,3603,0,2163613,1,1,0,0,1,16498,30824401,4034024,375201,35241527,-1,-1,741,44,-1,-1,-1,-1,-1,-1,-1,-1,-1,-1,-1,-1,-1,-1,-1,-1,-1,-1,-1,-1,-1,-1,-1,-1,-1,-1,-1,-1,False,1710,1,1,0,0.00098,0.030277,6.61091,27.98467,4.421366,39.061173,stream,100000,2
operation,9,timer,2812000887,2812001950,2812038225,2812051175,2818386486,2846225098,2850681603,-1,6340323,25851047,7127,3231,0,1956063,1,1,0,0,1,16132,30447948,4053861,390928,34900418,-1,-1,748,49,-1,-1,-1,-1,-1,-1,-1,-1,-1,-1,-1,-1,-1,-1,-1,-1,-1,-1,-1,-1,-1,-1,-1,-1,-1,-1,-1,-1,False,1761,1,1,0,0.001063,0.036275,6.335311,27.838612,4.456505,38.680716,stream,100000,2
operation,10,timer,2851142571,2851143565,2851177891,2851190539,2857641318,2930831602,2939262471,-1,6456172,65187686,8397,3819,0,7967125,1,1,0,0,1,17864,75943518,8297423,122730,84370067,-1,-1,787,40,-1,-1,-1,-1,-1,-1,-1,-1,-1,-1,-1,-1,-1,-1,-1,-1,-1,-1,-1,-1,-1,-1,-1,-1,-1,-1,-1,-1,False,1861,1,1,0,0.000994,0.034326,6.450779,73.190284,8.430869,88.1199,stream,100000,2
operation,11,timer,2946906516,2946907740,2946945853,2946959955,2961896983,2982814624,2984866694,-1,14941001,19310803,6811,2865,0,1578397,1,1,0,0,1,14792,27260339,1952797,89627,29308319,-1,-1,756,39,-1,-1,-1,-1,-1,-1,-1,-1,-1,-1,-1,-1,-1,-1,-1,-1,-1,-1,-1,-1,-1,-1,-1,-1,-1,-1,-1,-1,False,1623,1,1,0,0.001224,0.038113,14.937028,20.917641,2.05207,37.960178,stream,100000,2
operation,12,timer,2985105810,2985106769,2985136085,2985148158,2987359481,3010992291,3013099317,-1,2214659,21866764,6946,2581,0,1738050,1,1,0,0,1,15133,24826768,2013063,84436,26930014,-1,-1,661,39,-1,-1,-1,-1,-1,-1,-1,-1,-1,-1,-1,-1,-1,-1,-1,-1,-1,-1,-1,-1,-1,-1,-1,-1,-1,-1,-1,-1,False,1529,1,1,0,0.000959,0.029316,2.211323,23.63281,2.107026,27.993507,stream,100000,2
operation,13,timer,3013346507,3013347487,3013379886,3013391227,3015526724,3033351026,3035380316,-1,2140361,15734403,7499,3140,0,2045122,1,1,0,0,1,29274,18980526,1923147,93380,21003733,-1,-1,599,39,-1,-1,-1,-1,-1,-1,-1,-1,-1,-1,-1,-1,-1,-1,-1,-1,-1,-1,-1,-1,-1,-1,-1,-1,-1,-1,-1,-1,False,1283,1,1,0,0.00098,0.032399,2.135497,17.824302,2.02929,22.033809,stream,100000,2
operation,14,timer,3035638046,3035639083,3035673537,3035685034,3037793732,3061687201,3066852862,-1,2114675,19237110,9795,2790,0,4621675,1,1,0,0,1,16122,25065472,5040231,114585,30226591,-1,-1,524,44,-1,-1,-1,-1,-1,-1,-1,-1,-1,-1,-1,-1,-1,-1,-1,-1,-1,-1,-1,-1,-1,-1,-1,-1,-1,-1,-1,-1,False,1248,1,1,0,0.001037,0.034454,2.108698,23.893469,5.165661,31.214816,stream,100000,2
operation,15,timer,3067191702,3067192944,3067228867,3067245584,3072518587,3086337168,3088867349,-1,5277120,12017097,5490,6271,0,1768345,1,1,0,0,1,17261,15272324,2371169,145745,17797136,-1,-1,430,42,-1,-1,-1,-1,-1,-1,-1,-1,-1,-1,-1,-1,-1,-1,-1,-1,-1,-1,-1,-1,-1,-1,-1,-1,-1,-1,-1,-1,False,954,1,1,0,0.001242,0.035923,5.273003,13.818581,2.530181,21.675647,stream,100000,2
operation,16,timer,3089223489,3089225308,3089273001,3089285926,3092143216,3106454867,3108849473,-1,2864422,12479198,6332,2406,0,1801880,1,1,0,0,1,14703,15684732,2279950,105558,18075172,-1,-1,336,41,-1,-1,-1,-1,-1,-1,-1,-1,-1,-1,-1,-1,-1,-1,-1,-1,-1,-1,-1,-1,-1,-1,-1,-1,-1,-1,-1,-1,False,842,1,1,0,0.001819,0.047693,2.85729,14.311651,2.394606,19.625984,stream,100000,2
operation,17,timer,3109156753,3109157759,3109187330,3109198457,3117333578,3153090826,3158546743,-1,8141472,33284753,12330,5100,0,2430818,1,1,0,0,1,17896,37205694,5251026,187108,42655132,-1,-1,334,41,-1,-1,-1,-1,-1,-1,-1,-1,-1,-1,-1,-1,-1,-1,-1,-1,-1,-1,-1,-1,-1,-1,-1,-1,-1,-1,-1,-1,False,840,1,1,0,0.001006,0.029571,8.135121,35.757248,5.455917,49.38999,stream,100000,2
operation,18,timer,3159194028,3159195077,3159231621,3159244323,3166964843,3198814805,3203760276,-1,7728631,29550341,10562,3775,0,2261845,1,1,0,0,1,15328,34879091,4798847,134174,39819385,-1,-1,306,41,-1,-1,-1,-1,-1,-1,-1,-1,-1,-1,-1,-1,-1,-1,-1,-1,-1,-1,-1,-1,-1,-1,-1,-1,-1,-1,-1,-1,False,808,1,1,0,0.001049,0.036544,7.72052,31.849962,4.945471,44.566248,stream,100000,2
operation,19,timer,3204117871,3204118972,3204153179,3204170172,3211903294,3234149576,3249500935,-1,7738645,18441083,7702,4239,0,3769647,1,1,0,0,1,18088,25283972,13859920,1438501,40627141,-1,-1,298,40,-1,-1,-1,-1,-1,-1,-1,-1,-1,-1,-1,-1,-1,-1,-1,-1,-1,-1,-1,-1,-1,-1,-1,-1,-1,-1,-1,-1,False,794,1,1,0,0.001101,0.034207,7.733122,22.246282,15.351359,45.383064,stream,100000,2
operation,20,timer,3250764751,3250765898,3250822136,3250838244,3268907858,3292571346,3300055509,-1,18077585,20464897,20342,5445,0,3139730,1,1,0,0,1,25103,29424622,6730119,729863,36901481,-1,-1,273,32,-1,-1,-1,-1,-1,-1,-1,-1,-1,-1,-1,-1,-1,-1,-1,-1,-1,-1,-1,-1,-1,-1,-1,-1,-1,-1,-1,-1,False,711,1,1,0,0.001147,0.056238,18.069614,23.663488,7.484163,49.290758,stream,100000,2
operation,21,timer,3302241892,3302243277,3302519631,3302539546,3318579176,3335497161,3341407579,-1,16048004,14212811,8099,3645,0,2668226,1,1,0,0,1,16830,20192920,5548071,350972,26098943,-1,-1,178,32,-1,-1,-1,-1,-1,-1,-1,-1,-1,-1,-1,-1,-1,-1,-1,-1,-1,-1,-1,-1,-1,-1,-1,-1,-1,-1,-1,-1,False,425,1,1,0,0.001385,0.276354,16.03963,16.917985,5.910418,39.165687,stream,100000,2
operation,22,timer,3342440245,3342441312,3342488054,3342502279,3373029701,3410085502,3415896327,-1,30550851,35294974,8510,3761,0,1698142,1,1,0,0,1,26985,54757382,5711558,87815,60562793,-1,-1,83,32,-1,-1,-1,-1,-1,-1,-1,-1,-1,-1,-1,-1,-1,-1,-1,-1,-1,-1,-1,-1,-1,-1,-1,-1,-1,-1,-1,-1,False,331,1,1,0,0.001067,0.046742,30.527422,37.055801,5.810825,73.456082,stream,100000,2
operation,23,timer,3416148892,3416150301,3416200056,3416212100,3418851277,3437339449,3446000511,-1,2645937,14785716,6672,2776,0,3670580,1,1,0,0,1,15668,19933245,8559602,92065,28590913,-1,-1,73,31,-1,-1,-1,-1,-1,-1,-1,-1,-1,-1,-1,-1,-1,-1,-1,-1,-1,-1,-1,-1,-1,-1,-1,-1,-1,-1,-1,-1,False,315,1,1,0,0.001409,0.049755,2.639177,18.488172,8.661062,29.851619,stream,100000,2
operation,24,timer,3446241629,3446242616,3446271839,3446286637,3459286069,3513187063,3524545591,-1,13004427,44292052,7449,3642,0,9565603,1,1,0,0,1,27253,65885943,10625624,695097,77230282,-1,-1,87,30,-1,-1,-1,-1,-1,-1,-1,-1,-1,-1,-1,-1,-1,-1,-1,-1,-1,-1,-1,-1,-1,-1,-1,-1,-1,-1,-1,-1,False,327,1,1,0,0.000987,0.029223,12.999432,53.900994,11.358528,78.303962,stream,100000,2
operation,25,timer,3525917957,3525919022,3526006777,3526033571,3529185588,3548114870,3550323418,-1,3155959,15264469,14065,3516,0,3622679,1,1,0,0,1,20611,20227269,2124993,72261,22431487,-1,-1,56,22,-1,-1,-1,-1,-1,-1,-1,-1,-1,-1,-1,-1,-1,-1,-1,-1,-1,-1,-1,-1,-1,-1,-1,-1,-1,-1,-1,-1,False,234,1,1,0,0.001065,0.087755,3.152017,18.929282,2.208548,24.405461,stream,100000,2
operation,26,timer,3550584388,3550585492,3550613489,3550624952,3561533776,3614105121,3637443434,-1,10915038,43197616,7416,3731,0,9336807,1,1,0,0,1,19561,55928531,23233723,92157,79261374,-1,-1,56,22,-1,-1,-1,-1,-1,-1,-1,-1,-1,-1,-1,-1,-1,-1,-1,-1,-1,-1,-1,-1,-1,-1,-1,-1,-1,-1,-1,-1,False,234,1,1,0,0.001104,0.027997,10.908824,52.571345,23.338313,86.859046,stream,100000,2
operation,27,timer,3637713613,3637714514,3637747567,3637761298,3675200552,3740798809,3764223755,-1,37444954,54157563,7300,3428,0,11407048,1,1,0,0,1,17218,80547272,14105043,9254706,103938525,-1,-1,56,22,-1,-1,-1,-1,-1,-1,-1,-1,-1,-1,-1,-1,-1,-1,-1,-1,-1,-1,-1,-1,-1,-1,-1,-1,-1,-1,-1,-1,False,234,1,1,0,0.000901,0.033053,37.439254,65.598257,23.424946,126.510142,stream,100000,2
operation,28,timer,3764892714,3764893716,3764924515,3764937409,3791363536,3841962086,3856334626,-1,26431072,43302133,9928,3765,0,7258936,1,1,0,0,1,18843,62100215,9149637,5205043,76467150,-1,-1,56,22,-1,-1,-1,-1,-1,-1,-1,-1,-1,-1,-1,-1,-1,-1,-1,-1,-1,-1,-1,-1,-1,-1,-1,-1,-1,-1,-1,-1,False,234,1,1,0,0.001002,0.030799,26.426127,50.59855,14.37254,91.441912,stream,100000,2
operation,29,timer,3860644625,3860646233,3860686283,3860711224,3873328963,3889339922,3899150980,-1,12624226,13715228,7270,3685,0,2259399,1,1,0,0,1,18890,18507487,6381726,3413906,28313819,-1,-1,56,22,-1,-1,-1,-1,-1,-1,-1,-1,-1,-1,-1,-1,-1,-1,-1,-1,-1,-1,-1,-1,-1,-1,-1,-1,-1,-1,-1,-1,False,234,1,1,0,0.001608,0.04005,12.617739,16.010959,9.811058,38.506355,stream,100000,2
operation,30,timer,3901585890,3901587268,3901629536,3901647852,3920945690,3977637145,3979707931,-1,19303905,50572210,8805,2766,0,6081735,1,1,0,0,1,19872,68269172,1649831,408554,70335548,-1,-1,56,22,-1,-1,-1,-1,-1,-1,-1,-1,-1,-1,-1,-1,-1,-1,-1,-1,-1,-1,-1,-1,-1,-1,-1,-1,-1,-1,-1,-1,False,234,1,1,0,0.001378,0.042268,19.297838,56.691455,2.070786,78.122041,stream,100000,2
operation,31,timer,3980246138,3980247090,3980284610,3980296397,3982441101,4010027377,4013451853,-1,2148373,25646982,12174,5564,0,1898458,1,1,0,0,1,19429,28686973,3327331,84807,32107212,-1,-1,56,22,-1,-1,-1,-1,-1,-1,-1,-1,-1,-1,-1,-1,-1,-1,-1,-1,-1,-1,-1,-1,-1,-1,-1,-1,-1,-1,-1,-1,False,234,1,1,0,0.000952,0.03752,2.144704,27.586276,3.424476,33.205715,stream,100000,2
operation,32,timer,4013831682,4013832964,4013866271,4013884026,4023597501,4078284284,4091873690,-1,9717484,36465275,6165,3059,0,18191057,1,1,0,0,1,17218,58575598,13476390,96890,72158595,-1,-1,56,22,-1,-1,-1,-1,-1,-1,-1,-1,-1,-1,-1,-1,-1,-1,-1,-1,-1,-1,-1,-1,-1,-1,-1,-1,-1,-1,-1,-1,False,234,1,1,0,0.001282,0.033307,9.713475,54.686783,13.589406,78.042008,stream,100000,2
operation,33,timer,4092204701,4092205997,4092246845,4092260870,4102510008,4156922579,4175064055,-1,10258331,41170033,7219,3161,0,13205478,1,1,0,0,1,17487,63546929,17916758,199023,81679410,-1,-1,57,22,-1,-1,-1,-1,-1,-1,-1,-1,-1,-1,-1,-1,-1,-1,-1,-1,-1,-1,-1,-1,-1,-1,-1,-1,-1,-1,-1,-1,False,235,1,1,0,0.001296,0.040848,10.249138,54.412571,18.141476,82.859354,stream,100000,2
operation,34,timer,4175705331,4175706510,4175763249,4175789199,4203787856,4222417370,4226808497,-1,28004974,16362815,8089,3565,0,2232981,1,1,0,0,1,15747,23852346,4197966,159061,28238080,-1,-1,57,22,-1,-1,-1,-1,-1,-1,-1,-1,-1,-1,-1,-1,-1,-1,-1,-1,-1,-1,-1,-1,-1,-1,-1,-1,-1,-1,-1,-1,False,235,1,1,0,0.001179,0.056739,27.998657,18.629514,4.391127,51.103166,stream,100000,2
operation,35,timer,4227245018,4227246485,4227317565,4227336398,4242956044,4275619884,4279768505,-1,15625482,25974413,7466,3329,0,6646775,1,1,0,0,1,26021,43701828,3987312,141037,47842211,-1,-1,24,22,-1,-1,-1,-1,-1,-1,-1,-1,-1,-1,-1,-1,-1,-1,-1,-1,-1,-1,-1,-1,-1,-1,-1,-1,-1,-1,-1,-1,False,195,1,1,0,0.001467,0.07108,15.619646,32.66384,4.148621,52.523487,stream,100000,2
operation,36,timer,4280107477,4280108748,4280157856,4280173270,4287415620,4301404154,4311988360,-1,7254422,11511752,11171,6403,0,2416023,1,1,0,0,1,31113,17017892,7762209,2802328,27595617,-1,-1,24,22,-1,-1,-1,-1,-1,-1,-1,-1,-1,-1,-1,-1,-1,-1,-1,-1,-1,-1,-1,-1,-1,-1,-1,-1,-1,-1,-1,-1,False,195,1,1,0,0.001271,0.049108,7.24235,13.988534,10.584206,31.880883,stream,100000,2
operation,37,timer,4312259777,4312260797,4312297543,4312310443,4324882315,4355809024,4366824228,-1,12579820,24709090,8918,4906,0,6173917,1,1,0,0,1,21930,34858837,10805373,183771,45863912,-1,-1,24,22,-1,-1,-1,-1,-1,-1,-1,-1,-1,-1,-1,-1,-1,-1,-1,-1,-1,-1,-1,-1,-1,-1,-1,-1,-1,-1,-1,-1,False,195,1,1,0,0.00102,0.036746,12.571872,30.926709,11.015204,54.564451,stream,100000,2
operation,38,timer,4367288603,4367290440,4367385663,4371766441,4397207066,4482720579,4505007832,-1,25447170,72385615,9804,4219,0,13087345,1,1,0,0,1,19985,97004907,21613820,623003,119259372,-1,-1,24,22,-1,-1,-1,-1,-1,-1,-1,-1,-1,-1,-1,-1,-1,-1,-1,-1,-1,-1,-1,-1,-1,-1,-1,-1,-1,-1,-1,-1,False,195,1,1,0,0.001837,0.095223,25.440625,85.513513,22.287253,137.719229,stream,100000,2
operation,39,timer,4507226460,4507227730,4507270600,4507296481,4531029830,4580589341,4592384649,-1,23740764,38140826,7895,3590,0,11379024,1,1,0,0,1,20761,58218976,11673091,89060,69989331,-1,-1,24,22,-1,-1,-1,-1,-1,-1,-1,-1,-1,-1,-1,-1,-1,-1,-1,-1,-1,-1,-1,-1,-1,-1,-1,-1,-1,-1,-1,-1,False,195,1,1,0,0.00127,0.04287,23.733349,49.559511,11.795308,85.158189,stream,100000,2
operation,40,timer,4592662137,4592663121,4592962592,4592990380,4617102632,4650897966,4659797036,-1,24117185,28612552,15545,4172,0,5138358,1,1,0,0,1,19774,43466337,8796383,91129,52360761,-1,-1,24,22,-1,-1,-1,-1,-1,-1,-1,-1,-1,-1,-1,-1,-1,-1,-1,-1,-1,-1,-1,-1,-1,-1,-1,-1,-1,-1,-1,-1,False,195,1,1,0,0.000984,0.299471,24.112252,33.795334,8.89907,67.134899,stream,100000,2
operation,41,timer,4660057637,4660058656,4660089302,4660102550,4668778111,4689807079,4694333730,-1,8684553,18311625,15310,4649,0,2657657,1,1,0,0,1,30735,24632888,3697230,810657,29151567,-1,-1,24,22,-1,-1,-1,-1,-1,-1,-1,-1,-1,-1,-1,-1,-1,-1,-1,-1,-1,-1,-1,-1,-1,-1,-1,-1,-1,-1,-1,-1,False,195,1,1,0,0.001019,0.030646,8.675561,21.028968,4.526651,34.276093,stream,100000,2
operation,42,timer,4694667991,4694669035,4694704697,4694718394,4697439623,4714522596,4718992488,-1,2725853,14524591,17195,3612,0,2493187,1,1,0,0,1,39764,18334709,4389069,70810,22800133,-1,-1,24,22,-1,-1,-1,-1,-1,-1,-1,-1,-1,-1,-1,-1,-1,-1,-1,-1,-1,-1,-1,-1,-1,-1,-1,-1,-1,-1,-1,-1,False,195,1,1,0,0.001044,0.035662,2.721229,17.082973,4.469892,24.324497,stream,100000,2
operation,43,timer,4719307064,4719308216,4719370383,4719386491,4723000044,4734000635,4736102553,-1,3618111,9218088,4983,2650,0,1744687,1,1,0,0,1,25625,13170499,2013152,78496,15267846,-1,-1,25,22,-1,-1,-1,-1,-1,-1,-1,-1,-1,-1,-1,-1,-1,-1,-1,-1,-1,-1,-1,-1,-1,-1,-1,-1,-1,-1,-1,-1,False,196,1,1,0,0.001152,0.062167,3.613553,11.000591,2.101918,16.795489,stream,100000,2
operation,44,timer,4736344934,4736345919,4736373589,4736385071,4739396437,4758348113,4760358249,-1,3016677,17361106,6828,3156,0,1562251,1,1,0,0,1,13024,20537070,1940363,61468,22543750,-1,-1,25,22,-1,-1,-1,-1,-1,-1,-1,-1,-1,-1,-1,-1,-1,-1,-1,-1,-1,-1,-1,-1,-1,-1,-1,-1,-1,-1,-1,-1,False,196,1,1,0,0.000985,0.02767,3.011366,18.951676,2.010136,24.013315,stream,100000,2
operation,45,timer,4760609249,4760610170,4760641434,4760652862,4763289495,4774903530,4777630525,-1,2641352,9415333,12030,4384,0,2151601,1,1,0,0,1,25968,13190425,2344765,370400,15912394,-1,-1,24,22,-1,-1,-1,-1,-1,-1,-1,-1,-1,-1,-1,-1,-1,-1,-1,-1,-1,-1,-1,-1,-1,-1,-1,-1,-1,-1,-1,-1,False,195,1,1,0,0.000921,0.031264,2.636633,11.614035,2.726995,17.021276,stream,100000,2
operation,46,timer,4778261096,4778262214,4778296874,4778309231,4780789097,4794502286,4797250130,-1,2483336,11815145,5898,2828,0,1871188,1,1,0,0,1,14660,15062532,2626614,108235,17804951,-1,-1,24,22,-1,-1,-1,-1,-1,-1,-1,-1,-1,-1,-1,-1,-1,-1,-1,-1,-1,-1,-1,-1,-1,-1,-1,-1,-1,-1,-1,-1,False,195,1,1,0,0.001118,0.03466,2.479866,13.713189,2.747844,18.989034,stream,100000,2
operation,47,timer,4797751098,4797752805,4797816503,4797831299,4803182197,4814492206,4816508728,-1,5354454,9543202,5447,2826,0,1738618,1,1,0,0,1,16360,15527443,1906423,99947,17539939,-1,-1,24,22,-1,-1,-1,-1,-1,-1,-1,-1,-1,-1,-1,-1,-1,-1,-1,-1,-1,-1,-1,-1,-1,-1,-1,-1,-1,-1,-1,-1,False,195,1,1,0,0.001707,0.063698,5.350898,11.310009,2.016522,18.75763,stream,100000,2
operation,48,timer,4816810557,4816811449,4816839663,4816851313,4818901978,4832572929,4840358297,-1,2054532,10388154,5353,2555,0,3251417,1,1,0,0,1,19605,14771324,7685932,88907,22551967,-1,-1,24,22,-1,-1,-1,-1,-1,-1,-1,-1,-1,-1,-1,-1,-1,-1,-1,-1,-1,-1,-1,-1,-1,-1,-1,-1,-1,-1,-1,-1,False,195,1,1,0,0.000892,0.028214,2.050665,13.670951,7.785368,23.54774,stream,100000,2
operation,49,timer,4840672408,4840673817,4840737132,4840752781,4843556741,4861323745,4865499951,-1,2811328,15205510,6891,3780,0,2526894,1,1,0,0,1,16561,19288022,4076205,86699,23459182,-1,-1,24,22,-1,-1,-1,-1,-1,-1,-1,-1,-1,-1,-1,-1,-1,-1,-1,-1,-1,-1,-1,-1,-1,-1,-1,-1,-1,-1,-1,-1,False,195,1,1,0,0.001409,0.063315,2.80396,17.767004,4.176206,24.827543,stream,100000,2
operation,50,timer,4865747443,4865748398,4865781225,4865793867,4872883343,4887065027,4891229935,-1,7094880,10290256,8858,3631,0,3859900,1,1,0,0,1,13635,16865815,4045421,106275,21026199,-1,-1,24,22,-1,-1,-1,-1,-1,-1,-1,-1,-1,-1,-1,-1,-1,-1,-1,-1,-1,-1,-1,-1,-1,-1,-1,-1,-1,-1,-1,-1,False,195,1,1,0,0.000955,0.032827,7.089476,14.181684,4.164908,25.482492,stream,100000,2
operation,51,timer,4891620706,4891622546,4891701226,4891720167,4898471996,4913828005,4918241143,-1,6757253,13013974,7403,3449,0,2311150,1,1,0,0,1,14609,18081167,4272522,125453,22488361,-1,-1,24,22,-1,-1,-1,-1,-1,-1,-1,-1,-1,-1,-1,-1,-1,-1,-1,-1,-1,-1,-1,-1,-1,-1,-1,-1,-1,-1,-1,-1,False,195,1,1,0,0.00184,0.07868,6.751829,15.356009,4.413138,26.620437,stream,100000,2
operation,52,timer,4918528189,4918529258,4918570022,4918583680,4926252615,4941706911,4946628680,-1,7755512,12842113,8162,3680,0,2495102,1,1,0,0,1,18662,18536929,4804455,105531,23454018,-1,-1,24,22,-1,-1,-1,-1,-1,-1,-1,-1,-1,-1,-1,-1,-1,-1,-1,-1,-1,-1,-1,-1,-1,-1,-1,-1,-1,-1,-1,-1,False,195,1,1,0,0.001069,0.040764,7.668935,15.454296,4.921769,28.100491,stream,100000,2
operation,53,timer,4946956446,4946957534,4946995365,4947013277,4955438784,4971018505,4976238943,-1,8430859,12865256,10426,4445,0,2662757,1,1,0,0,1,31485,18997924,5042387,156012,24209780,-1,-1,25,22,-1,-1,-1,-1,-1,-1,-1,-1,-1,-1,-1,-1,-1,-1,-1,-1,-1,-1,-1,-1,-1,-1,-1,-1,-1,-1,-1,-1,False,196,1,1,0,0.001088,0.037831,8.425507,15.579721,5.220438,29.282497,stream,100000,2
operation,54,timer,4977488107,4977489234,4977526752,4977543693,4990250118,5008469950,5014898865,-1,12716973,15216472,8063,3546,0,2955902,1,1,0,0,1,25301,22167607,6222606,180770,28586594,-1,-1,25,22,-1,-1,-1,-1,-1,-1,-1,-1,-1,-1,-1,-1,-1,-1,-1,-1,-1,-1,-1,-1,-1,-1,-1,-1,-1,-1,-1,-1,False,196,1,1,0,0.001127,0.037518,12.706425,18.219832,6.428915,37.410758,stream,100000,2
operation,55,timer,5015310612,5015311703,5015489525,5015505165,5023716909,5040084418,5043905449,-1,8221152,13796115,8593,3749,0,2530967,1,1,0,0,1,18677,18642176,3426784,382757,22459173,-1,-1,24,22,-1,-1,-1,-1,-1,-1,-1,-1,-1,-1,-1,-1,-1,-1,-1,-1,-1,-1,-1,-1,-1,-1,-1,-1,-1,-1,-1,-1,False,195,1,1,0,0.001091,0.177822,8.211744,16.367509,3.821031,28.594837,stream,100000,2
operation,56,timer,5044413792,5044415012,5044501938,5044525082,5054282891,5074236285,5081215430,-1,9766196,16192403,9199,5011,0,3720194,1,1,0,0,1,18200,23817083,6863096,105266,30792311,-1,-1,24,22,-1,-1,-1,-1,-1,-1,-1,-1,-1,-1,-1,-1,-1,-1,-1,-1,-1,-1,-1,-1,-1,-1,-1,-1,-1,-1,-1,-1,False,195,1,1,0,0.00122,0.086926,9.757809,19.953394,6.979145,36.801638,stream,100000,2
operation,57,timer,5082230855,5082232080,5082308597,5082330366,5095607678,5111199332,5115770062,-1,13292284,12700031,15962,4304,0,2835492,1,1,0,0,1,20893,18927919,4451155,108196,23494255,-1,-1,24,22,-1,-1,-1,-1,-1,-1,-1,-1,-1,-1,-1,-1,-1,-1,-1,-1,-1,-1,-1,-1,-1,-1,-1,-1,-1,-1,-1,-1,False,195,1,1,0,0.001225,0.076517,13.277312,15.591654,4.57073,33.539207,stream,100000,2
operation,58,timer,5116102365,5116103507,5116140021,5116162167,5124797152,5143251259,5150820975,-1,8643095,14988989,33811,5565,0,3391538,1,1,0,0,1,26094,22006896,7396401,160495,29571293,-1,-1,24,22,-1,-1,-1,-1,-1,-1,-1,-1,-1,-1,-1,-1,-1,-1,-1,-1,-1,-1,-1,-1,-1,-1,-1,-1,-1,-1,-1,-1,False,195,1,1,0,0.001142,0.036514,8.634985,18.454107,7.569716,34.71861,stream,100000,2
operation,59,timer,5152977517,5152979187,5153048415,5153063936,5160929339,5176908950,5179646020,-1,7876583,13996240,11551,3865,0,1906914,1,1,0,0,1,49861,18579306,2640209,83048,21309208,-1,-1,24,22,-1,-1,-1,-1,-1,-1,-1,-1,-1,-1,-1,-1,-1,-1,-1,-1,-1,-1,-1,-1,-1,-1,-1,-1,-1,-1,-1,-1,False,195,1,1,0,0.00167,0.069228,7.865403,15.979611,2.73707,26.668503,stream,100000,2
operation,60,timer,5180322853,5180324101,5180367172,5180383616,5183230842,5194381282,5197161718,-1,2852253,9169123,9478,3129,0,1939992,1,1,0,0,1,23691,12670669,2671045,97530,15446360,-1,-1,24,22,-1,-1,-1,-1,-1,-1,-1,-1,-1,-1,-1,-1,-1,-1,-1,-1,-1,-1,-1,-1,-1,-1,-1,-1,-1,-1,-1,-1,False,195,1,1,0,0.001248,0.043071,2.847226,11.15044,2.780436,16.838865,stream,100000,2
operation,61,timer,5198334447,5198336297,5198408394,5198430928,5201276519,5214015426,5218013024,-1,2853538,10445618,6697,3195,0,2256944,1,1,0,0,1,18506,14256484,3251857,723436,18247968,-1,-1,24,22,-1,-1,-1,-1,-1,-1,-1,-1,-1,-1,-1,-1,-1,-1,-1,-1,-1,-1,-1,-1,-1,-1,-1,-1,-1,-1,-1,-1,False,195,1,1,0,0.00185,0.072097,2.845591,12.738907,3.997598,19.678577,stream,100000,2
operation,62,timer,5218347758,5218350286,5218390329,5218411241,5219751650,5241936861,5243590752,-1,1343911,9269166,5012,8946,11401298,1464394,1,1,2,1,1,32893,23042293,1568014,78907,24691528,-1,-1,24,22,-1,-1,-1,-1,-1,-1,-1,-1,-1,-1,-1,-1,-1,-1,-1,-1,-1,-1,-1,-1,-1,-1,-1,-1,-1,-1,-1,-1,False,195,1,1,0,0.002528,0.040043,1.340409,22.185211,1.653891,25.242994,stream,100000,2
operation,3,timer,1684082969,1684084535,1708961328,1709069091,1717713481,1753071928,1758556957,-1,8652715,32816420,6449,3573,0,2504469,1,1,0,0,1,19211,38860446,5204484,267595,44341234,-1,-1,1048,66,-1,-1,-1,-1,-1,-1,-1,-1,-1,-1,-1,-1,-1,-1,-1,-1,-1,-1,-1,-1,-1,-1,-1,-1,-1,-1,-1,-1,False,2386,1,1,0,0.001566,24.876793,8.64439,35.358447,5.485029,74.473988,stream,100000,3
operation,4,timer,1759481453,1759482778,1782432908,1782473512,1791407063,1827605951,1840323871,-1,8942020,33227932,24224,9923,0,2902311,1,1,0,0,1,26029,39879840,12519907,185387,52593007,-1,-1,954,52,-1,-1,-1,-1,-1,-1,-1,-1,-1,-1,-1,-1,-1,-1,-1,-1,-1,-1,-1,-1,-1,-1,-1,-1,-1,-1,-1,-1,False,2179,1,1,0,0.001325,22.95013,8.933551,36.198888,12.71792,80.842418,stream,100000,3
operation,5,timer,1840671423,1840672739,1840709047,1840735060,1850601600,1884082014,1887116321,-1,9874648,31644686,7182,3660,0,1801306,1,1,0,0,1,15472,36826298,2949019,76537,39857003,-1,-1,860,50,-1,-1,-1,-1,-1,-1,-1,-1,-1,-1,-1,-1,-1,-1,-1,-1,-1,-1,-1,-1,-1,-1,-1,-1,-1,-1,-1,-1,False,1886,1,1,0,0.001316,0.036308,9.86654,33.480414,3.034307,46.444898,stream,100000,3
operation,6,timer,1887378583,1887379909,1887411745,1887426872,1890097304,1914101391,1916643339,-1,2684376,22072733,6919,3623,0,1888981,1,1,0,0,1,17887,25457025,2439846,92776,27994969,-1,-1,766,49,-1,-1,-1,-1,-1,-1,-1,-1,-1,-1,-1,-1,-1,-1,-1,-1,-1,-1,-1,-1,-1,-1,-1,-1,-1,-1,-1,-1,False,1780,1,1,0,0.001326,0.031836,2.670432,24.004087,2.541948,29.264756,stream,100000,3
operation,7,timer,1916906903,1916907862,1916936981,1916948826,1919219517,1946611914,1949038276,-1,2274094,25778259,4991,2315,0,1589621,1,1,0,0,1,13808,28592624,2270989,138995,31011226,-1,-1,764,49,-1,-1,-1,-1,-1,-1,-1,-1,-1,-1,-1,-1,-1,-1,-1,-1,-1,-1,-1,-1,-1,-1,-1,-1,-1,-1,-1,-1,False,1777,1,1,0,0.000959,0.029119,2.270691,27.392397,2.426362,32.131373,stream,100000,3
operation,8,timer,1949314974,1949316208,1949349553,1949361255,1951930133,1984597819,1986918461,-1,2573217,30861613,6508,3317,0,1771538,1,1,0,0,1,20371,34022699,2214414,95219,36338826,-1,-1,741,44,-1,-1,-1,-1,-1,-1,-1,-1,-1,-1,-1,-1,-1,-1,-1,-1,-1,-1,-1,-1,-1,-1,-1,-1,-1,-1,-1,-1,False,1710,1,1,0,0.001234,0.033345,2.568878,32.667686,2.320642,37.603487,stream,100000,3
operation,9,timer,1987484857,1987486082,1987517113,1987530225,1990030243,2031048009,2033328270,-1,2510144,39183820,6014,2602,0,1799406,1,1,0,0,1,15798,42283621,2143069,125282,44559055,-1,-1,748,49,-1,-1,-1,-1,-1,-1,-1,-1,-1,-1,-1,-1,-1,-1,-1,-1,-1,-1,-1,-1,-1,-1,-1,-1,-1,-1,-1,-1,False,1761,1,1,0,0.001225,0.031031,2.500018,41.017766,2.280261,45.843413,stream,100000,3
operation,10,timer,2033572597,2033573999,2033607117,2033620718,2036348959,2067877731,2069994960,-1,2796667,30119395,4041,1641,0,1318497,1,1,0,0,1,16772,33091431,2015113,92423,35204471,-1,-1,787,40,-1,-1,-1,-1,-1,-1,-1,-1,-1,-1,-1,-1,-1,-1,-1,-1,-1,-1,-1,-1,-1,-1,-1,-1,-1,-1,-1,-1,False,1861,1,1,0,0.001402,0.033118,2.728241,31.528772,2.117229,36.422363,stream,100000,3
operation,11,timer,2070239687,2070240686,2070269678,2070281173,2072459503,2091626215,2093832114,-1,2180851,17439251,9106,2590,0,1698648,1,1,0,0,1,14596,19862502,2078333,114242,22062504,-1,-1,756,39,-1,-1,-1,-1,-1,-1,-1,-1,-1,-1,-1,-1,-1,-1,-1,-1,-1,-1,-1,-1,-1,-1,-1,-1,-1,-1,-1,-1,False,1623,1,1,0,0.000999,0.028992,2.17833,19.166712,2.205899,23.592427,stream,100000,3
operation,12,timer,2094091254,2094092419,2094128099,2094140027,2096510102,2126117405,2131144126,-1,2375438,25464739,8506,4336,0,4106799,1,1,0,0,1,17560,30982073,4572129,435565,36004195,-1,-1,661,39,-1,-1,-1,-1,-1,-1,-1,-1,-1,-1,-1,-1,-1,-1,-1,-1,-1,-1,-1,-1,-1,-1,-1,-1,-1,-1,-1,-1,False,1529,1,1,0,0.001165,0.03568,2.370075,29.607303,5.026721,37.052872,stream,100000,3
operation,13,timer,2131409137,2131410203,2131443766,2131457768,2143203243,2171667095,2177149901,-1,11751033,25828598,90076,3626,0,2516707,1,1,0,0,1,19287,36224896,5212330,258862,41703027,-1,-1,599,39,-1,-1,-1,-1,-1,-1,-1,-1,-1,-1,-1,-1,-1,-1,-1,-1,-1,-1,-1,-1,-1,-1,-1,-1,-1,-1,-1,-1,False,1283,1,1,0,0.001066,0.033563,11.745475,28.463852,5.482806,45.740764,stream,100000,3
operation,14,timer,2177402906,2177403952,2177435822,2177448718,2184586406,2208829633,2213476369,-1,7233469,20791931,11580,3427,0,3312260,1,1,0,0,1,28248,27167381,4510627,123823,31808886,-1,-1,524,44,-1,-1,-1,-1,-1,-1,-1,-1,-1,-1,-1,-1,-1,-1,-1,-1,-1,-1,-1,-1,-1,-1,-1,-1,-1,-1,-1,-1,False,1248,1,1,0,0.001046,0.03187,7.137688,24.243227,4.646736,36.073463,stream,100000,3
operation,15,timer,2213830418,2213831489,2213867296,2213881414,2220947799,2239582446,2245144684,-1,7071452,16071003,7737,3381,0,2528771,1,1,0,0,1,18688,21456835,5420295,130352,27014756,-1,-1,430,42,-1,-1,-1,-1,-1,-1,-1,-1,-1,-1,-1,-1,-1,-1,-1,-1,-1,-1,-1,-1,-1,-1,-1,-1,-1,-1,-1,-1,False,954,1,1,0,0.001071,0.035807,7.066385,18.634647,5.562238,31.314266,stream,100000,3
operation,16,timer,2245475917,2245476999,2245513093,2245526867,2256808681,2276258395,2281594831,-1,11286895,16609765,8914,3730,0,2805607,1,1,0,0,1,16617,25758176,4894678,416381,31086540,-1,-1,336,41,-1,-1,-1,-1,-1,-1,-1,-1,-1,-1,-1,-1,-1,-1,-1,-1,-1,-1,-1,-1,-1,-1,-1,-1,-1,-1,-1,-1,False,842,1,1,0,0.001082,0.036094,11.281814,19.449714,5.336436,36.118914,stream,100000,3
operation,17,timer,2282013092,2282015302,2282083341,2282098799,2290427387,2307698039,2311743804,-1,8333641,15133579,10824,3051,0,2104010,1,1,0,0,1,14135,20655841,3924827,110031,24697397,-1,-1,334,41,-1,-1,-1,-1,-1,-1,-1,-1,-1,-1,-1,-1,-1,-1,-1,-1,-1,-1,-1,-1,-1,-1,-1,-1,-1,-1,-1,-1,False,840,1,1,0,0.00221,0.068039,8.328588,17.270652,4.045765,29.730712,stream,100000,3
operation,18,timer,2312056749,2312057824,2312093075,2312106052,2319311820,2337037563,2341626283,-1,7211460,15326481,6841,8943,0,2364029,1,1,0,0,1,13757,20721360,4454572,121812,25306227,-1,-1,306,41,-1,-1,-1,-1,-1,-1,-1,-1,-1,-1,-1,-1,-1,-1,-1,-1,-1,-1,-1,-1,-1,-1,-1,-1,-1,-1,-1,-1,False,808,1,1,0,0.001075,0.035251,7.205768,17.725743,4.58872,29.569534,stream,100000,3
operation,19,timer,2341958300,2341959473,2341993313,2342007836,2357940607,2376539394,2381211277,-1,15941533,16158067,6593,7308,0,2403020,1,1,0,0,1,15037,29994454,4420825,230418,34659250,-1,-1,298,40,-1,-1,-1,-1,-1,-1,-1,-1,-1,-1,-1,-1,-1,-1,-1,-1,-1,-1,-1,-1,-1,-1,-1,-1,-1,-1,-1,-1,False,794,1,1,0,0.001173,0.03384,15.932771,18.598787,4.671883,39.252977,stream,100000,3
operation,20,timer,2382598737,2382600864,2382655768,2382671004,2391561451,2404038360,2405360728,-1,8894469,11298057,4054,1679,0,1158910,1,1,0,0,1,10187,14862779,1246204,68328,16181113,-1,-1,273,32,-1,-1,-1,-1,-1,-1,-1,-1,-1,-1,-1,-1,-1,-1,-1,-1,-1,-1,-1,-1,-1,-1,-1,-1,-1,-1,-1,-1,False,711,1,1,0,0.002127,0.054904,8.890447,12.476909,1.322368,22.761991,stream,100000,3
operation,21,timer,2405764744,2405765430,2405793423,2405806130,2407757200,2416096393,2418207610,-1,1955718,6559190,7655,3338,0,1748162,1,1,0,0,1,16200,9018584,2033983,67571,11125859,-1,-1,178,32,-1,-1,-1,-1,-1,-1,-1,-1,-1,-1,-1,-1,-1,-1,-1,-1,-1,-1,-1,-1,-1,-1,-1,-1,-1,-1,-1,-1,False,425,1,1,0,0.000686,0.027993,1.95107,8.339193,2.111217,12.442866,stream,100000,3
operation,22,timer,2418466851,2418467666,2418494721,2418506379,2420832891,2428623950,2431235386,-1,2328913,6257861,5357,2887,0,1509972,1,1,0,0,1,12581,9005128,2464794,130882,11608557,-1,-1,83,32,-1,-1,-1,-1,-1,-1,-1,-1,-1,-1,-1,-1,-1,-1,-1,-1,-1,-1,-1,-1,-1,-1,-1,-1,-1,-1,-1,-1,False,331,1,1,0,0.000815,0.027055,2.326512,7.791059,2.611436,12.768535,stream,100000,3
operation,23,timer,2431570405,2431571466,2431635383,2431652550,2433895060,2443082046,2445544158,-1,2245498,7528409,4773,2624,0,1634335,1,1,0,0,1,13857,10422272,2370890,82066,12880859,-1,-1,73,31,-1,-1,-1,-1,-1,-1,-1,-1,-1,-1,-1,-1,-1,-1,-1,-1,-1,-1,-1,-1,-1,-1,-1,-1,-1,-1,-1,-1,False,315,1,1,0,0.001061,0.063917,2.24251,9.186986,2.462112,13.973753,stream,100000,3
operation,24,timer,2445795203,2445796010,2445822995,2445833671,2447986321,2457922525,2460042143,-1,2156736,8291813,10381,3229,0,1613290,1,1,0,0,1,13405,11049994,2045366,66725,13166408,-1,-1,87,30,-1,-1,-1,-1,-1,-1,-1,-1,-1,-1,-1,-1,-1,-1,-1,-1,-1,-1,-1,-1,-1,-1,-1,-1,-1,-1,-1,-1,False,327,1,1,0,0.000807,0.026985,2.15265,9.936204,2.119618,14.24694,stream,100000,3
operation,25,timer,2460278816,2460279604,2460307542,2460323481,2462609945,2472988908,2474351699,-1,2290020,8675985,5546,2466,0,1676259,1,1,0,0,1,15151,11632418,1312187,43244,12991423,-1,-1,56,22,-1,-1,-1,-1,-1,-1,-1,-1,-1,-1,-1,-1,-1,-1,-1,-1,-1,-1,-1,-1,-1,-1,-1,-1,-1,-1,-1,-1,False,234,1,1,0,0.000788,0.027938,2.286464,10.378963,1.362791,14.072883,stream,100000,3
operation,26,timer,2474501976,2474502464,2474524721,2474532274,2475731735,2484439278,2486483558,-1,1201408,7005204,16372,2912,0,1666728,1,1,0,0,1,14380,9359967,1962909,73531,11400957,-1,-1,56,22,-1,-1,-1,-1,-1,-1,-1,-1,-1,-1,-1,-1,-1,-1,-1,-1,-1,-1,-1,-1,-1,-1,-1,-1,-1,-1,-1,-1,False,234,1,1,0,0.000488,0.022257,1.199461,8.707543,2.04428,11.981582,stream,100000,3
operation,27,timer,2486725181,2486726107,2486758332,2486770526,2489010181,2503671516,2505811187,-1,2242957,9974627,11410,3266,0,4647827,1,1,0,0,1,20903,15884729,2033124,97294,18020667,-1,-1,56,22,-1,-1,-1,-1,-1,-1,-1,-1,-1,-1,-1,-1,-1,-1,-1,-1,-1,-1,-1,-1,-1,-1,-1,-1,-1,-1,-1,-1,False,234,1,1,0,0.000926,0.032225,2.239655,14.661335,2.139671,19.086006,stream,100000,3
operation,28,timer,2506116756,2506117780,2506152049,2506164911,2508666986,2522120522,2524096126,-1,2513100,11790362,6781,2432,0,1629100,1,1,0,0,1,13836,14763637,1915184,53355,16736204,-1,-1,56,22,-1,-1,-1,-1,-1,-1,-1,-1,-1,-1,-1,-1,-1,-1,-1,-1,-1,-1,-1,-1,-1,-1,-1,-1,-1,-1,-1,-1,False,234,1,1,0,0.001024,0.034269,2.502075,13.453536,1.975604,17.97937,stream,100000,3
operation,29,timer,2524320680,2524321501,2524347707,2524358543,2526625883,2534398351,2535642578,-1,2270517,6191089,4451,2457,0,1554711,1,1,0,0,1,16583,9038512,1165087,69513,10278031,-1,-1,56,22,-1,-1,-1,-1,-1,-1,-1,-1,-1,-1,-1,-1,-1,-1,-1,-1,-1,-1,-1,-1,-1,-1,-1,-1,-1,-1,-1,-1,False,234,1,1,0,0.000821,0.026206,2.26734,7.772468,1.244227,11.321898,stream,100000,3
operation,30,timer,2536167635,2536169783,2536254570,2536281355,2538725943,2550633690,2555556371,-1,2447403,9454811,7134,3603,0,2424025,1,1,0,0,1,15359,12858726,4789362,115125,17775505,-1,-1,56,22,-1,-1,-1,-1,-1,-1,-1,-1,-1,-1,-1,-1,-1,-1,-1,-1,-1,-1,-1,-1,-1,-1,-1,-1,-1,-1,-1,-1,False,234,1,1,0,0.002148,0.084787,2.444588,11.907747,4.922681,19.388736,stream,100000,3
operation,31,timer,2555865098,2555866494,2555993493,2556018341,2564643723,2578773197,2584137193,-1,8637890,11595965,8872,3257,0,2489069,1,1,0,0,1,19803,17125538,5251115,101375,22485363,-1,-1,56,22,-1,-1,-1,-1,-1,-1,-1,-1,-1,-1,-1,-1,-1,-1,-1,-1,-1,-1,-1,-1,-1,-1,-1,-1,-1,-1,-1,-1,False,234,1,1,0,0.001396,0.126999,8.625382,14.129474,5.363996,28.272095,stream,100000,3
operation,32,timer,2584500736,2584501906,2584540909,2584558228,2593118609,2606719448,2612248547,-1,8572969,11127693,7635,7420,0,2419660,1,1,0,0,1,25843,17468845,5417589,97343,22993229,-1,-1,56,22,-1,-1,-1,-1,-1,-1,-1,-1,-1,-1,-1,-1,-1,-1,-1,-1,-1,-1,-1,-1,-1,-1,-1,-1,-1,-1,-1,-1,False,234,1,1,0,0.00117,0.039003,8.560381,13.600839,5.529099,27.747811,stream,100000,3
operation,33,timer,2612613808,2612615022,2612663157,2612679598,2620245649,2638511871,2644964940,-1,7572207,15684081,9430,3457,0,2544808,1,1,0,0,1,18290,20517855,6340785,101325,26967042,-1,-1,57,22,-1,-1,-1,-1,-1,-1,-1,-1,-1,-1,-1,-1,-1,-1,-1,-1,-1,-1,-1,-1,-1,-1,-1,-1,-1,-1,-1,-1,False,235,1,1,0,0.001214,0.048135,7.566051,18.266222,6.453069,32.351132,stream,100000,3
operation,34,timer,2645351760,2645353088,2645400036,2645414247,2656631306,2673676844,2679395796,-1,11222766,14711928,4603,2079,0,2302383,1,1,0,0,1,18838,20315600,5615989,91275,26030152,-1,-1,57,22,-1,-1,-1,-1,-1,-1,-1,-1,-1,-1,-1,-1,-1,-1,-1,-1,-1,-1,-1,-1,-1,-1,-1,-1,-1,-1,-1,-1,False,235,1,1,0,0.001328,0.046948,11.217059,17.045538,5.718952,34.044036,stream,100000,3
operation,35,timer,2679770705,2679771891,2679948250,2679971776,2690480236,2704295860,2707559202,-1,10514956,12179696,5071,2202,0,1612251,1,1,0,0,1,9908,16284368,3059466,174660,19540469,-1,-1,24,22,-1,-1,-1,-1,-1,-1,-1,-1,-1,-1,-1,-1,-1,-1,-1,-1,-1,-1,-1,-1,-1,-1,-1,-1,-1,-1,-1,-1,False,195,1,1,0,0.001186,0.176359,10.50846,13.815624,3.263342,27.788497,stream,100000,3
operation,36,timer,2708132119,2708133289,2708195695,2708209302,2716716332,2730721207,2735332588,-1,8512267,11624588,7884,3357,0,2347696,1,1,0,0,1,16113,19135938,4502779,96849,23743055,-1,-1,24,22,-1,-1,-1,-1,-1,-1,-1,-1,-1,-1,-1,-1,-1,-1,-1,-1,-1,-1,-1,-1,-1,-1,-1,-1,-1,-1,-1,-1,False,195,1,1,0,0.00117,0.062406,8.50703,14.004875,4.611381,27.200469,stream,100000,3
operation,37,timer,2735675833,2735677027,2735717714,2735733052,2743917251,2764291288,2773835886,-1,8193324,17572220,7396,3312,0,2765867,1,1,0,0,1,16117,23383229,9099714,431976,32922811,-1,-1,24,22,-1,-1,-1,-1,-1,-1,-1,-1,-1,-1,-1,-1,-1,-1,-1,-1,-1,-1,-1,-1,-1,-1,-1,-1,-1,-1,-1,-1,False,195,1,1,0,0.001194,0.040687,8.184199,20.374037,9.544598,38.160053,stream,100000,3
operation,38,timer,2774490909,2774491996,2774529770,2774546987,2782671877,2798483217,2804166569,-1,8131111,11538258,7745,3136,0,4230096,1,1,0,0,1,25884,19003153,5146842,523952,24681405,-1,-1,24,22,-1,-1,-1,-1,-1,-1,-1,-1,-1,-1,-1,-1,-1,-1,-1,-1,-1,-1,-1,-1,-1,-1,-1,-1,-1,-1,-1,-1,False,195,1,1,0,0.001087,0.037774,8.12489,15.81134,5.683352,29.67566,stream,100000,3
operation,39,timer,2804526653,2804527757,2804561460,2804574539,2812737097,2825024462,2827474103,-1,8181890,10413784,13433,5161,0,1799408,1,1,0,0,1,36247,15401810,2316595,111430,17842502,-1,-1,24,22,-1,-1,-1,-1,-1,-1,-1,-1,-1,-1,-1,-1,-1,-1,-1,-1,-1,-1,-1,-1,-1,-1,-1,-1,-1,-1,-1,-1,False,195,1,1,0,0.001104,0.033703,8.162558,12.287365,2.449641,22.94745,stream,100000,3
operation,40,timer,2827803326,2827804418,2827836336,2827849418,2830095647,2841134855,2845429467,-1,2249728,9302657,6891,2578,0,1695505,1,1,0,0,1,28078,12246169,4215035,66643,16534728,-1,-1,24,22,-1,-1,-1,-1,-1,-1,-1,-1,-1,-1,-1,-1,-1,-1,-1,-1,-1,-1,-1,-1,-1,-1,-1,-1,-1,-1,-1,-1,False,195,1,1,0,0.001092,0.031918,2.246229,11.039208,4.294612,17.626141,stream,100000,3
operation,41,timer,2845672199,2845673274,2845707824,2845719178,2848023905,2859196492,2861120214,-1,2312980,9431024,6156,2682,0,1709356,1,1,0,0,1,15116,12440960,1851962,62548,14361103,-1,-1,24,22,-1,-1,-1,-1,-1,-1,-1,-1,-1,-1,-1,-1,-1,-1,-1,-1,-1,-1,-1,-1,-1,-1,-1,-1,-1,-1,-1,-1,False,195,1,1,0,0.001075,0.03455,2.304727,11.172587,1.923722,15.448015,stream,100000,3
operation,42,timer,2861366420,2861367427,2861395766,2861408343,2863669958,2875115443,2877106439,-1,2265923,9774499,6197,2594,0,1644615,1,1,0,0,1,13272,12668653,1927757,55915,14656236,-1,-1,24,22,-1,-1,-1,-1,-1,-1,-1,-1,-1,-1,-1,-1,-1,-1,-1,-1,-1,-1,-1,-1,-1,-1,-1,-1,-1,-1,-1,-1,False,195,1,1,0,0.001007,0.028339,2.261615,11.445485,1.990996,15.740019,stream,100000,3
operation,43,timer,2877348250,2877349497,2877376077,2877387892,2879744326,2890284229,2892538192,-1,2370779,8816233,5903,2384,0,1686805,1,1,0,0,1,14233,11775005,2181142,63117,14025124,-1,-1,25,22,-1,-1,-1,-1,-1,-1,-1,-1,-1,-1,-1,-1,-1,-1,-1,-1,-1,-1,-1,-1,-1,-1,-1,-1,-1,-1,-1,-1,False,196,1,1,0,0.001247,0.02658,2.356434,10.539903,2.253963,15.189942,stream,100000,3
operation,44,timer,2892777051,2892778126,2892810732,2892822365,2894996952,2905413214,2907536743,-1,2178497,8769994,10139,3038,0,1612640,1,1,0,0,1,16541,11524876,1931124,165031,13638217,-1,-1,25,22,-1,-1,-1,-1,-1,-1,-1,-1,-1,-1,-1,-1,-1,-1,-1,-1,-1,-1,-1,-1,-1,-1,-1,-1,-1,-1,-1,-1,False,196,1,1,0,0.001075,0.032606,2.174587,10.416262,2.123529,14.759692,stream,100000,3
operation,45,timer,2908059894,2908061853,2908148301,2908166316,2910579726,2921057077,2923023394,-1,2417094,8793684,5568,2293,0,1658882,1,1,0,0,1,13240,11761197,1882731,75263,13723586,-1,-1,24,22,-1,-1,-1,-1,-1,-1,-1,-1,-1,-1,-1,-1,-1,-1,-1,-1,-1,-1,-1,-1,-1,-1,-1,-1,-1,-1,-1,-1,False,195,1,1,0,0.001959,0.086448,2.41341,10.477351,1.966317,14.9635,stream,100000,3
operation,46,timer,2923263631,2923264511,2923292145,2923303294,2926363142,2937334012,2939637126,-1,3063612,8952527,12579,3535,0,1979044,1,1,0,0,1,19421,12716185,2197843,93248,15014259,-1,-1,24,22,-1,-1,-1,-1,-1,-1,-1,-1,-1,-1,-1,-1,-1,-1,-1,-1,-1,-1,-1,-1,-1,-1,-1,-1,-1,-1,-1,-1,False,195,1,1,0,0.00088,0.027634,3.059848,10.97087,2.303114,16.373495,stream,100000,3
operation,47,timer,2940036194,2940037300,2940089082,2940101774,2942287168,2956353425,2958385670,-1,2190235,12298685,5065,3248,0,1738365,1,1,0,0,1,16053,15432433,1963313,59642,17460654,-1,-1,24,22,-1,-1,-1,-1,-1,-1,-1,-1,-1,-1,-1,-1,-1,-1,-1,-1,-1,-1,-1,-1,-1,-1,-1,-1,-1,-1,-1,-1,False,195,1,1,0,0.001106,0.051782,2.185394,14.066257,2.032245,18.349476,stream,100000,3
operation,48,timer,2958642391,2958643444,2958675831,2958690505,2960970616,2973023430,2977141093,-1,2283603,9960769,6448,2374,0,2063042,1,1,0,0,1,16689,13320597,3947674,144266,17430411,-1,-1,24,22,-1,-1,-1,-1,-1,-1,-1,-1,-1,-1,-1,-1,-1,-1,-1,-1,-1,-1,-1,-1,-1,-1,-1,-1,-1,-1,-1,-1,False,195,1,1,0,0.001053,0.032387,2.280111,12.052814,4.117663,18.498702,stream,100000,3
operation,49,timer,2977571181,2977572401,2977623517,2977638237,2985718992,3000483742,3004927618,-1,8086546,12037928,8419,3396,0,2693464,1,1,0,0,1,15752,17599291,4338762,92076,22038483,-1,-1,24,22,-1,-1,-1,-1,-1,-1,-1,-1,-1,-1,-1,-1,-1,-1,-1,-1,-1,-1,-1,-1,-1,-1,-1,-1,-1,-1,-1,-1,False,195,1,1,0,0.00122,0.051116,8.080755,14.76475,4.443876,27.356437,stream,100000,3
operation,50,timer,3005202066,3005203275,3005233310,3005247548,3012376108,3025925981,3030538115,-1,7134627,11071637,8147,3114,0,2419335,1,1,0,0,1,41573,16349892,4508869,89135,20956235,-1,-1,24,22,-1,-1,-1,-1,-1,-1,-1,-1,-1,-1,-1,-1,-1,-1,-1,-1,-1,-1,-1,-1,-1,-1,-1,-1,-1,-1,-1,-1,False,195,1,1,0,0.001209,0.030035,7.12856,13.549873,4.612134,25.336049,stream,100000,3
operation,51,timer,3030823008,3030824049,3030857626,3030871722,3037847063,3051976444,3056394384,-1,6984344,11475436,8719,4784,0,2615521,1,1,0,0,1,15918,16973188,4306754,99466,21386163,-1,-1,24,22,-1,-1,-1,-1,-1,-1,-1,-1,-1,-1,-1,-1,-1,-1,-1,-1,-1,-1,-1,-1,-1,-1,-1,-1,-1,-1,-1,-1,False,195,1,1,0,0.001041,0.033577,6.975341,14.129381,4.41794,25.571376,stream,100000,3
operation,52,timer,3056693089,3056694647,3056739876,3056767796,3063904814,3077599196,3081803557,-1,7142040,11432536,7711,3694,0,2228879,1,1,0,0,1,16540,16594928,4088466,102910,20794075,-1,-1,24,22,-1,-1,-1,-1,-1,-1,-1,-1,-1,-1,-1,-1,-1,-1,-1,-1,-1,-1,-1,-1,-1,-1,-1,-1,-1,-1,-1,-1,False,195,1,1,0,0.001558,0.045229,7.137018,13.694382,4.204361,25.110468,stream,100000,3
operation,53,timer,3082081953,3082083102,3082116535,3082129728,3088633213,3103132499,3107721780,-1,6509026,12098617,19910,5650,0,2346968,1,1,0,0,1,22600,17283987,4469266,103939,21865884,-1,-1,25,22,-1,-1,-1,-1,-1,-1,-1,-1,-1,-1,-1,-1,-1,-1,-1,-1,-1,-1,-1,-1,-1,-1,-1,-1,-1,-1,-1,-1,False,196,1,1,0,0.001149,0.033433,6.503485,14.499286,4.589281,25.639827,stream,100000,3
operation,54,timer,3108082573,3108083820,3108120168,3108135018,3115034214,3129982627,3134178562,-1,6912766,12611473,7951,3504,0,2292498,1,1,0,0,1,19417,17776442,4080898,102443,21967892,-1,-1,25,22,-1,-1,-1,-1,-1,-1,-1,-1,-1,-1,-1,-1,-1,-1,-1,-1,-1,-1,-1,-1,-1,-1,-1,-1,-1,-1,-1,-1,False,196,1,1,0,0.001247,0.036348,6.899196,14.948413,4.195935,26.095989,stream,100000,3
operation,55,timer,3134452469,3134453556,3134488319,3134501679,3141047134,3155404361,3159986384,-1,6550488,11949301,8271,3990,0,2366816,1,1,0,0,1,23816,17235935,4470594,97866,21813037,-1,-1,24,22,-1,-1,-1,-1,-1,-1,-1,-1,-1,-1,-1,-1,-1,-1,-1,-1,-1,-1,-1,-1,-1,-1,-1,-1,-1,-1,-1,-1,False,195,1,1,0,0.001087,0.034763,6.545455,14.357227,4.582023,25.533915,stream,100000,3
operation,56,timer,3160261752,3160262812,3160296016,3160309200,3168782892,3184547729,3189767130,-1,8481952,13029758,15422,3986,0,2687682,1,1,0,0,1,19729,20323353,5040317,151896,25536252,-1,-1,24,22,-1,-1,-1,-1,-1,-1,-1,-1,-1,-1,-1,-1,-1,-1,-1,-1,-1,-1,-1,-1,-1,-1,-1,-1,-1,-1,-1,-1,False,195,1,1,0,0.00106,0.033204,8.473692,15.764837,5.219401,29.505378,stream,100000,3
operation,57,timer,3190078404,3190079746,3190555624,3190585874,3197664564,3211826930,3216350937,-1,7083689,11783567,7492,3429,0,2345944,1,1,0,0,1,16935,17013330,4417392,95227,21533003,-1,-1,24,22,-1,-1,-1,-1,-1,-1,-1,-1,-1,-1,-1,-1,-1,-1,-1,-1,-1,-1,-1,-1,-1,-1,-1,-1,-1,-1,-1,-1,False,195,1,1,0,0.001342,0.475878,7.07869,14.162366,4.524007,26.272533,stream,100000,3
operation,58,timer,3216716589,3216717705,3216775089,3216790179,3225440537,3239873411,3243588055,-1,8657947,11994577,8475,3391,0,2401599,1,1,0,0,1,17243,17987578,3628754,75549,21698015,-1,-1,24,22,-1,-1,-1,-1,-1,-1,-1,-1,-1,-1,-1,-1,-1,-1,-1,-1,-1,-1,-1,-1,-1,-1,-1,-1,-1,-1,-1,-1,False,195,1,1,0,0.001116,0.057384,8.650358,14.432874,3.714644,26.871466,stream,100000,3
operation,59,timer,3243844727,3243845718,3243873321,3243885441,3246980974,3258443248,3260153977,-1,3101285,9976863,8895,2555,0,1451146,1,1,0,0,1,17063,13037202,1636607,64445,14743592,-1,-1,24,22,-1,-1,-1,-1,-1,-1,-1,-1,-1,-1,-1,-1,-1,-1,-1,-1,-1,-1,-1,-1,-1,-1,-1,-1,-1,-1,-1,-1,False,195,1,1,0,0.000991,0.027603,3.095533,11.462274,1.710729,16.30925,stream,100000,3
operation,60,timer,3260405956,3260407441,3260441616,3260456332,3262676076,3272116676,3273827618,-1,2223880,7981362,5635,2277,0,1431190,1,1,0,0,1,16000,10629527,1636812,62519,12335559,-1,-1,24,22,-1,-1,-1,-1,-1,-1,-1,-1,-1,-1,-1,-1,-1,-1,-1,-1,-1,-1,-1,-1,-1,-1,-1,-1,-1,-1,-1,-1,False,195,1,1,0,0.001485,0.034175,2.219744,9.4406,1.710942,13.421662,stream,100000,3
operation,61,timer,3274085155,3274087131,3274145606,3274161146,3276152207,3285435774,3287051501,-1,1994496,7827678,5828,2235,0,1431615,1,1,0,0,1,12776,10298896,1550778,56305,11910050,-1,-1,24,22,-1,-1,-1,-1,-1,-1,-1,-1,-1,-1,-1,-1,-1,-1,-1,-1,-1,-1,-1,-1,-1,-1,-1,-1,-1,-1,-1,-1,False,195,1,1,0,0.001976,0.058475,1.991061,9.283567,1.615727,12.966346,stream,100000,3
operation,62,timer,3287279034,3287280062,3287310571,3287325507,3287978465,3308291515,3310034997,-1,656299,7857457,12097,18325,10939696,1449609,1,1,2,1,1,32525,20659338,1667638,68934,22398160,-1,-1,24,22,-1,-1,-1,-1,-1,-1,-1,-1,-1,-1,-1,-1,-1,-1,-1,-1,-1,-1,-1,-1,-1,-1,-1,-1,-1,-1,-1,-1,False,195,1,1,0,0.001028,0.030509,0.652958,20.31305,1.743482,22.755963,stream,100000,3
operation,3,timer,1031555103,1031556198,1057631343,1057660819,1060376737,1095893694,1098536294,-1,2722569,33700788,9204,3270,0,1782502,1,1,0,0,1,14542,36869627,2164633,467602,39507791,-1,-1,1048,66,-1,-1,-1,-1,-1,-1,-1,-1,-1,-1,-1,-1,-1,-1,-1,-1,-1,-1,-1,-1,-1,-1,-1,-1,-1,-1,-1,-1,False,2386,1,1,0,0.001095,26.075145,2.715918,35.516957,2.6426,66.981191,stream,100000,4
operation,4,timer,1098788065,1098789201,1115720810,1115751656,1118036068,1144477455,1146817478,-1,2288557,25109556,5294,2533,0,1302363,1,1,0,0,1,17496,27739661,2206990,119346,30072745,-1,-1,954,52,-1,-1,-1,-1,-1,-1,-1,-1,-1,-1,-1,-1,-1,-1,-1,-1,-1,-1,-1,-1,-1,-1,-1,-1,-1,-1,-1,-1,False,2179,1,1,0,0.001136,16.931609,2.284412,26.441387,2.340023,48.029413,stream,100000,4
operation,5,timer,1147071032,1147072181,1147101542,1147113756,1149350471,1169636080,1172022477,-1,2240783,18645491,14229,3446,0,1600517,1,1,0,0,1,17858,21482299,2221021,147469,23860560,-1,-1,860,50,-1,-1,-1,-1,-1,-1,-1,-1,-1,-1,-1,-1,-1,-1,-1,-1,-1,-1,-1,-1,-1,-1,-1,-1,-1,-1,-1,-1,False,1886,1,1,0,0.001149,0.029361,2.236715,20.285609,2.386397,24.951445,stream,100000,4
operation,6,timer,1172328067,1172329104,1172360753,1172371054,1174615550,1212308861,1217128132,-1,2247682,35785407,6039,3344,0,1883072,1,1,0,0,1,12263,38900425,4661627,143929,43714919,-1,-1,766,49,-1,-1,-1,-1,-1,-1,-1,-1,-1,-1,-1,-1,-1,-1,-1,-1,-1,-1,-1,-1,-1,-1,-1,-1,-1,-1,-1,-1,False,1780,1,1,0,0.001037,0.031649,2.244496,37.693311,4.819271,44.800065,stream,100000,4
operation,7,timer,1217459992,1217461158,1217498236,1217518594,1225301630,1250716284,1255920823,-1,7790217,23092426,12384,5213,0,2256039,1,1,0,0,1,41411,28625789,4730912,457718,33822843,-1,-1,764,49,-1,-1,-1,-1,-1,-1,-1,-1,-1,-1,-1,-1,-1,-1,-1,-1,-1,-1,-1,-1,-1,-1,-1,-1,-1,-1,-1,-1,False,1777,1,1,0,0.001166,0.037078,7.783036,25.414654,5.204539,38.460831,stream,100000,4
operation,8,timer,1256380135,1256381157,1256411413,1256423527,1263458275,1314845031,1319442386,-1,7045006,49280090,6429,3286,0,2071947,1,1,0,0,1,14746,54490561,4221715,363696,59083704,-1,-1,741,44,-1,-1,-1,-1,-1,-1,-1,-1,-1,-1,-1,-1,-1,-1,-1,-1,-1,-1,-1,-1,-1,-1,-1,-1,-1,-1,-1,-1,False,1710,1,1,0,0.001022,0.030256,7.034748,51.386756,4.597355,63.062251,stream,100000,4
operation,9,timer,1322648737,1322650131,1322991834,1323016951,1345004138,1395808926,1400155800,-1,21992822,48404072,10821,3166,0,2365552,1,1,0,0,1,15542,63092020,4190382,144705,67434251,-1,-1,748,49,-1,-1,-1,-1,-1,-1,-1,-1,-1,-1,-1,-1,-1,-1,-1,-1,-1,-1,-1,-1,-1,-1,-1,-1,-1,-1,-1,-1,False,1761,1,1,0,0.001394,0.341703,21.987187,50.804788,4.346874,77.507063,stream,100000,4
operation,10,timer,1400412350,1400413522,1400445672,1400461871,1407149480,1445608525,1450232494,-1,6693257,36010848,8934,4869,0,2413797,1,1,0,0,1,14949,41211712,4478055,135472,45831674,-1,-1,787,40,-1,-1,-1,-1,-1,-1,-1,-1,-1,-1,-1,-1,-1,-1,-1,-1,-1,-1,-1,-1,-1,-1,-1,-1,-1,-1,-1,-1,False,1861,1,1,0,0.001172,0.03215,6.687609,38.459045,4.623969,49.820144,stream,100000,4
operation,11,timer,1450498458,1450499580,1450529349,1450541489,1461372818,1486152850,1490957858,-1,10836378,22094118,6983,3825,0,2630379,1,1,0,0,1,39678,28753393,4566915,212686,33549873,-1,-1,756,39,-1,-1,-1,-1,-1,-1,-1,-1,-1,-1,-1,-1,-1,-1,-1,-1,-1,-1,-1,-1,-1,-1,-1,-1,-1,-1,-1,-1,False,1623,1,1,0,0.001122,0.029769,10.831329,24.780032,4.805008,40.4594,stream,100000,4
operation,12,timer,1491227247,1491228480,1491258775,1491273057,1498189549,1544634322,1556328307,-1,6921994,40925520,8819,4192,0,5484562,1,1,0,0,1,16178,49763296,11556345,125820,61453047,-1,-1,661,39,-1,-1,-1,-1,-1,-1,-1,-1,-1,-1,-1,-1,-1,-1,-1,-1,-1,-1,-1,-1,-1,-1,-1,-1,-1,-1,-1,-1,False,1529,1,1,0,0.001233,0.030295,6.916492,46.444773,11.693985,65.10106,stream,100000,4
operation,13,timer,1556612766,1556614179,1556657261,1556672631,1575052662,1665755278,1667961757,-1,18385219,81691918,5815,2421,0,8977684,1,1,0,0,1,19590,99511876,2084478,85412,101687496,-1,-1,599,39,-1,-1,-1,-1,-1,-1,-1,-1,-1,-1,-1,-1,-1,-1,-1,-1,-1,-1,-1,-1,-1,-1,-1,-1,-1,-1,-1,-1,False,1283,1,1,0,0.001413,0.043082,18.380031,90.702616,2.206479,111.348991,stream,100000,4
operation,14,timer,1672031801,1672033106,1672069179,1672082289,1674438806,1718364197,1733720069,-1,2360903,38112958,5461,2461,0,5784236,1,1,0,0,1,15889,45231175,14959033,387440,60583265,-1,-1,524,44,-1,-1,-1,-1,-1,-1,-1,-1,-1,-1,-1,-1,-1,-1,-1,-1,-1,-1,-1,-1,-1,-1,-1,-1,-1,-1,-1,-1,False,1248,1,1,0,0.001305,0.036073,2.356517,43.925391,15.355872,61.688268,stream,100000,4
operation,15,timer,1735229687,1735231868,1735329221,1735350206,1740713421,1754159421,1756435338,-1,5368128,11614172,7266,2711,0,1801432,1,1,0,0,1,15506,14725650,2180592,85144,16997550,-1,-1,430,42,-1,-1,-1,-1,-1,-1,-1,-1,-1,-1,-1,-1,-1,-1,-1,-1,-1,-1,-1,-1,-1,-1,-1,-1,-1,-1,-1,-1,False,954,1,1,0,0.002181,0.097353,5.363215,13.446,2.275917,21.205651,stream,100000,4
operation,16,timer,1756664892,1756665933,1756694911,1756707041,1758921664,1772283446,1778167690,-1,2218075,11691099,4914,2319,0,1644555,1,1,0,0,1,15443,14595796,5790380,82244,20475130,-1,-1,336,41,-1,-1,-1,-1,-1,-1,-1,-1,-1,-1,-1,-1,-1,-1,-1,-1,-1,-1,-1,-1,-1,-1,-1,-1,-1,-1,-1,-1,False,842,1,1,0,0.001041,0.028978,2.214623,13.361782,5.884244,21.502798,stream,100000,4
operation,17,timer,1778461618,1778462946,1778532018,1778552704,1781648618,1821089229,1828590211,-1,3099689,31488279,7198,3807,0,7923842,1,1,0,0,1,13710,41437774,7322097,152583,48933307,-1,-1,334,41,-1,-1,-1,-1,-1,-1,-1,-1,-1,-1,-1,-1,-1,-1,-1,-1,-1,-1,-1,-1,-1,-1,-1,-1,-1,-1,-1,-1,False,840,1,1,0,0.001328,0.069072,3.095914,39.440611,7.500982,50.128593,stream,100000,4
operation,18,timer,1828887515,1828888518,1828918544,1828930909,1835485595,1855860144,1865842156,-1,6560931,15941364,8052,3515,0,4392915,1,1,0,0,1,22458,23123880,7222512,2743396,33100094,-1,-1,306,41,-1,-1,-1,-1,-1,-1,-1,-1,-1,-1,-1,-1,-1,-1,-1,-1,-1,-1,-1,-1,-1,-1,-1,-1,-1,-1,-1,-1,False,808,1,1,0,0.001003,0.030026,6.554686,20.374549,9.982012,36.954641,stream,100000,4
operation,19,timer,1866328900,1866329983,1866365928,1866378512,1874328865,1932554835,1943498741,-1,7961875,48900980,7683,3425,0,9282633,1,1,0,0,1,19727,60750046,10801207,125944,71688183,-1,-1,298,40,-1,-1,-1,-1,-1,-1,-1,-1,-1,-1,-1,-1,-1,-1,-1,-1,-1,-1,-1,-1,-1,-1,-1,-1,-1,-1,-1,-1,False,794,1,1,0,0.001083,0.035945,7.950353,58.22597,10.943906,77.169841,stream,100000,4
operation,20,timer,1943763971,1943765066,1943811721,1943825806,1966701349,2036884294,2047428979,-1,22880885,60827303,20880,4444,0,9296445,1,1,0,0,1,28531,72761615,10431837,100812,83301812,-1,-1,273,32,-1,-1,-1,-1,-1,-1,-1,-1,-1,-1,-1,-1,-1,-1,-1,-1,-1,-1,-1,-1,-1,-1,-1,-1,-1,-1,-1,-1,False,711,1,1,0,0.001095,0.046655,22.875543,70.182945,10.544685,103.665008,stream,100000,4
operation,21,timer,2047687394,2047688638,2047719155,2047732951,2074485175,2121180174,2131371468,-1,26757361,37190142,6129,3701,0,9456519,1,1,0,0,1,33371,59941592,10070737,104703,70124904,-1,-1,178,32,-1,-1,-1,-1,-1,-1,-1,-1,-1,-1,-1,-1,-1,-1,-1,-1,-1,-1,-1,-1,-1,-1,-1,-1,-1,-1,-1,-1,False,425,1,1,0,0.001244,0.030517,26.752224,46.694999,10.191294,83.684074,stream,100000,4
operation,22,timer,2131623344,2131624479,2131655640,2131669403,2145636512,2167118153,2176153802,-1,13988340,18022835,8370,2533,0,3408549,1,1,0,0,1,18123,24504126,8897210,124917,33534566,-1,-1,83,32,-1,-1,-1,-1,-1,-1,-1,-1,-1,-1,-1,-1,-1,-1,-1,-1,-1,-1,-1,-1,-1,-1,-1,-1,-1,-1,-1,-1,False,331,1,1,0,0.001135,0.031161,13.967109,21.481641,9.035649,44.530458,stream,100000,4
operation,23,timer,2180828859,2180831047,2180896669,2180914999,2191176509,2247754995,2261165527,-1,10266501,43351417,5182,2442,0,13200926,1,1,0,0,1,13528,58180472,13310802,88865,71586810,-1,-1,73,31,-1,-1,-1,-1,-1,-1,-1,-1,-1,-1,-1,-1,-1,-1,-1,-1,-1,-1,-1,-1,-1,-1,-1,-1,-1,-1,-1,-1,False,315,1,1,0,0.002188,0.065622,10.26151,56.578486,13.410532,80.336668,stream,100000,4
operation,24,timer,2261417129,2261418181,2261448274,2261460147,2275155592,2292580714,2295738698,-1,13700317,15728221,6731,2718,0,1656656,1,1,0,0,1,25924,30110209,2493431,640471,33259203,-1,-1,87,30,-1,-1,-1,-1,-1,-1,-1,-1,-1,-1,-1,-1,-1,-1,-1,-1,-1,-1,-1,-1,-1,-1,-1,-1,-1,-1,-1,-1,False,327,1,1,0,0.001052,0.030093,13.695445,17.425122,3.157984,34.321569,stream,100000,4
operation,25,timer,2296662688,2296664176,2296711477,2296730061,2299813367,2319668769,2322209150,-1,3087975,18117059,6088,2412,0,1709745,1,1,0,0,1,15429,21232106,2237650,291221,23766968,-1,-1,56,22,-1,-1,-1,-1,-1,-1,-1,-1,-1,-1,-1,-1,-1,-1,-1,-1,-1,-1,-1,-1,-1,-1,-1,-1,-1,-1,-1,-1,False,234,1,1,0,0.001488,0.047301,3.083306,19.855402,2.540381,25.546462,stream,100000,4
operation,26,timer,2322691669,2322693076,2322725736,2322737469,2330336549,2397329050,2413116187,-1,7604351,51232248,8314,3597,0,15713185,1,1,0,0,1,29886,72016263,15676738,93492,87794409,-1,-1,56,22,-1,-1,-1,-1,-1,-1,-1,-1,-1,-1,-1,-1,-1,-1,-1,-1,-1,-1,-1,-1,-1,-1,-1,-1,-1,-1,-1,-1,False,234,1,1,0,0.001407,0.03266,7.59908,66.992501,15.787137,90.424518,stream,100000,4
operation,27,timer,2413389833,2413391047,2413423842,2413437832,2422517129,2440095248,2444993363,-1,9085380,11887122,7339,3540,0,5651852,1,1,0,0,1,22183,20529894,4552043,333404,25423184,-1,-1,56,22,-1,-1,-1,-1,-1,-1,-1,-1,-1,-1,-1,-1,-1,-1,-1,-1,-1,-1,-1,-1,-1,-1,-1,-1,-1,-1,-1,-1,False,234,1,1,0,0.001214,0.032795,9.079297,17.578119,4.898115,31.60353,stream,100000,4
operation,28,timer,2445474769,2445476118,2445514187,2445527670,2455102106,2482938748,2487387355,-1,9581686,21915456,13255,5005,0,5875397,1,1,0,0,1,20279,33433920,4344233,92464,37878139,-1,-1,56,22,-1,-1,-1,-1,-1,-1,-1,-1,-1,-1,-1,-1,-1,-1,-1,-1,-1,-1,-1,-1,-1,-1,-1,-1,-1,-1,-1,-1,False,234,1,1,0,0.001349,0.038069,9.574436,27.836642,4.448607,41.912586,stream,100000,4
operation,29,timer,2487647460,2487648512,2487680654,2487693327,2494556499,2509011178,2513871784,-1,6868301,12037692,11535,4510,0,2376848,1,1,0,0,1,18965,17257665,4717102,128056,22112314,-1,-1,56,22,-1,-1,-1,-1,-1,-1,-1,-1,-1,-1,-1,-1,-1,-1,-1,-1,-1,-1,-1,-1,-1,-1,-1,-1,-1,-1,-1,-1,False,234,1,1,0,0.001052,0.032142,6.863172,14.454679,4.860606,26.224324,stream,100000,4
operation,30,timer,2514307079,2514308281,2514350088,2514366768,2522843896,2538278808,2545887662,-1,8488118,12642202,8948,5316,0,2744499,1,1,0,0,1,22957,18957027,7457425,134312,26558375,-1,-1,56,22,-1,-1,-1,-1,-1,-1,-1,-1,-1,-1,-1,-1,-1,-1,-1,-1,-1,-1,-1,-1,-1,-1,-1,-1,-1,-1,-1,-1,False,234,1,1,0,0.001202,0.041807,8.477128,15.434912,7.608854,31.580583,stream,100000,4
operation,31,timer,2546470095,2546471542,2546523452,2546546385,2555054448,2569957125,2574400789,-1,8520189,12371570,8453,3811,0,2426260,1,1,0,0,1,80457,17707172,4334764,93109,22144566,-1,-1,56,22,-1,-1,-1,-1,-1,-1,-1,-1,-1,-1,-1,-1,-1,-1,-1,-1,-1,-1,-1,-1,-1,-1,-1,-1,-1,-1,-1,-1,False,234,1,1,0,0.001447,0.05191,8.508063,14.902677,4.443664,27.930694,stream,100000,4
operation,32,timer,2574658366,2574659530,2574693337,2574706796,2581261371,2597175783,2603405735,-1,6559766,12750478,14479,5702,0,3097883,1,1,0,0,1,40679,18778185,6123224,93094,25002391,-1,-1,56,22,-1,-1,-1,-1,-1,-1,-1,-1,-1,-1,-1,-1,-1,-1,-1,-1,-1,-1,-1,-1,-1,-1,-1,-1,-1,-1,-1,-1,False,234,1,1,0,0.001164,0.033807,6.554575,15.914412,6.229952,28.747369,stream,100000,4
operation,33,timer,2603712014,2603713667,2603750904,2603768157,2611316447,2626379328,2630869726,-1,7553663,12695149,7395,4758,0,2331670,1,1,0,0,1,18536,18744885,4408903,69511,23229931,-1,-1,57,22,-1,-1,-1,-1,-1,-1,-1,-1,-1,-1,-1,-1,-1,-1,-1,-1,-1,-1,-1,-1,-1,-1,-1,-1,-1,-1,-1,-1,False,235,1,1,0,0.001653,0.037237,7.54829,15.062881,4.490398,27.157712,stream,100000,4
operation,34,timer,2631144461,2631145302,2631176926,2631186094,2640299646,2655497302,2660141561,-1,9121926,12828922,8646,3868,0,2318639,1,1,0,0,1,29207,18553511,4482853,138891,23189869,-1,-1,57,22,-1,-1,-1,-1,-1,-1,-1,-1,-1,-1,-1,-1,-1,-1,-1,-1,-1,-1,-1,-1,-1,-1,-1,-1,-1,-1,-1,-1,False,235,1,1,0,0.000841,0.031624,9.113552,15.197656,4.644259,28.9971,stream,100000,4
operation,35,timer,2660587299,2660589826,2660656952,2660678815,2668459688,2682190680,2684544788,-1,7786097,11663847,18881,4386,0,2004361,1,1,0,0,1,34293,16884425,2195175,133688,19227009,-1,-1,24,22,-1,-1,-1,-1,-1,-1,-1,-1,-1,-1,-1,-1,-1,-1,-1,-1,-1,-1,-1,-1,-1,-1,-1,-1,-1,-1,-1,-1,False,195,1,1,0,0.002527,0.067126,7.780873,13.730992,2.354108,23.957489,stream,100000,4
operation,36,timer,2685044468,2685045638,2685083680,2685097158,2687896714,2699200495,2701754510,-1,2803917,9344337,6263,2529,0,1931619,1,1,0,0,1,14672,12986169,2466475,77905,15535903,-1,-1,24,22,-1,-1,-1,-1,-1,-1,-1,-1,-1,-1,-1,-1,-1,-1,-1,-1,-1,-1,-1,-1,-1,-1,-1,-1,-1,-1,-1,-1,False,195,1,1,0,0.00117,0.038042,2.799556,11.303781,2.554015,16.710042,stream,100000,4
operation,37,timer,2702151288,2702152304,2702179338,2702192371,2705150138,2715216140,2717386627,-1,2967151,8337756,6521,1632,0,1669897,1,1,0,0,1,40812,11286005,1991542,155415,13445833,-1,-1,24,22,-1,-1,-1,-1,-1,-1,-1,-1,-1,-1,-1,-1,-1,-1,-1,-1,-1,-1,-1,-1,-1,-1,-1,-1,-1,-1,-1,-1,False,195,1,1,0,0.001016,0.027034,2.957767,10.066002,2.170487,15.235339,stream,100000,4
operation,38,timer,2717828406,2717830260,2717908772,2717923822,2720319828,2731503437,2734269690,-1,2399456,9217768,6653,3133,0,1935619,1,1,0,0,1,16986,12459000,2354333,393699,15221234,-1,-1,24,22,-1,-1,-1,-1,-1,-1,-1,-1,-1,-1,-1,-1,-1,-1,-1,-1,-1,-1,-1,-1,-1,-1,-1,-1,-1,-1,-1,-1,False,195,1,1,0,0.001854,0.078512,2.396006,11.183609,2.766253,16.441284,stream,100000,4
operation,39,timer,2734642080,2734643217,2734670818,2734682958,2739884693,2752427457,2754360820,-1,5207218,10659669,6162,2756,0,1853526,1,1,0,0,1,15168,13827985,1861671,62475,15757138,-1,-1,24,22,-1,-1,-1,-1,-1,-1,-1,-1,-1,-1,-1,-1,-1,-1,-1,-1,-1,-1,-1,-1,-1,-1,-1,-1,-1,-1,-1,-1,False,195,1,1,0,0.001137,0.027601,5.201735,12.542764,1.933363,19.71874,stream,100000,4
operation,40,timer,2754606157,2754607077,2754636957,2754647696,2756850139,2769467509,2772705972,-1,2206542,10384317,7774,2754,0,2203047,1,1,0,0,1,15379,13815435,3150961,77147,17049217,-1,-1,24,22,-1,-1,-1,-1,-1,-1,-1,-1,-1,-1,-1,-1,-1,-1,-1,-1,-1,-1,-1,-1,-1,-1,-1,-1,-1,-1,-1,-1,False,195,1,1,0,0.00092,0.02988,2.202443,12.61737,3.238463,18.099815,stream,100000,4
operation,41,timer,2773031475,2773032612,2773065277,2773079233,2775678696,2789508876,2792196447,-1,2613919,11815077,6244,2384,0,1977426,1,1,0,0,1,14593,15262449,2599839,77032,17945229,-1,-1,24,22,-1,-1,-1,-1,-1,-1,-1,-1,-1,-1,-1,-1,-1,-1,-1,-1,-1,-1,-1,-1,-1,-1,-1,-1,-1,-1,-1,-1,False,195,1,1,0,0.001137,0.032665,2.599463,13.83018,2.687571,19.164972,stream,100000,4
operation,42,timer,2793137328,2793139675,2793557467,2793584443,2796186520,2824915678,2827177599,-1,2605730,26751263,13328,5053,0,1933878,1,1,0,0,1,21983,30190131,2158390,86959,32445973,-1,-1,24,22,-1,-1,-1,-1,-1,-1,-1,-1,-1,-1,-1,-1,-1,-1,-1,-1,-1,-1,-1,-1,-1,-1,-1,-1,-1,-1,-1,-1,False,195,1,1,0,0.002347,0.417792,2.602077,28.729158,2.261921,34.040271,stream,100000,4
operation,43,timer,2827533919,2827535457,2827586497,2827599009,2830460348,2846347609,2852435981,-1,2865091,12901455,7837,3878,0,2949097,1,1,0,0,1,21242,17507367,5987446,86184,23589731,-1,-1,25,22,-1,-1,-1,-1,-1,-1,-1,-1,-1,-1,-1,-1,-1,-1,-1,-1,-1,-1,-1,-1,-1,-1,-1,-1,-1,-1,-1,-1,False,196,1,1,0,0.001538,0.05104,2.861339,15.887261,6.088372,24.902062,stream,100000,4
operation,44,timer,2852816367,2852817826,2852854632,2852874565,2865697783,2886318588,2893429642,-1,12831505,17672326,19829,6490,0,2893175,1,1,0,0,1,20698,24867092,6665273,431496,31973426,-1,-1,25,22,-1,-1,-1,-1,-1,-1,-1,-1,-1,-1,-1,-1,-1,-1,-1,-1,-1,-1,-1,-1,-1,-1,-1,-1,-1,-1,-1,-1,False,196,1,1,0,0.001459,0.036806,12.823218,20.620805,7.111054,40.613275,stream,100000,4
operation,45,timer,2894255412,2894256859,2894295057,2894315562,2903313455,2919525548,2925462086,-1,9004077,13375228,15712,3835,0,2788382,1,1,0,0,1,22752,19735646,5411949,504208,25661990,-1,-1,24,22,-1,-1,-1,-1,-1,-1,-1,-1,-1,-1,-1,-1,-1,-1,-1,-1,-1,-1,-1,-1,-1,-1,-1,-1,-1,-1,-1,-1,False,195,1,1,0,0.001447,0.038198,8.997893,16.212093,5.936538,31.206674,stream,100000,4
operation,46,timer,2926132478,2926134077,2926720796,2926743028,2937991994,2953428435,2958809035,-1,11256337,12545231,11630,5228,0,2850065,1,1,0,0,1,16916,19413406,5259517,109481,24789555,-1,-1,24,22,-1,-1,-1,-1,-1,-1,-1,-1,-1,-1,-1,-1,-1,-1,-1,-1,-1,-1,-1,-1,-1,-1,-1,-1,-1,-1,-1,-1,False,195,1,1,0,0.001599,0.586719,11.248966,15.436441,5.3806,32.676557,stream,100000,4
operation,47,timer,2959145183,2959146456,2959186240,2959209620,2973859822,2989384398,2993655312,-1,14655484,12983968,7012,3283,0,2503186,1,1,0,0,1,21845,25369314,4159350,98185,29635219,-1,-1,24,22,-1,-1,-1,-1,-1,-1,-1,-1,-1,-1,-1,-1,-1,-1,-1,-1,-1,-1,-1,-1,-1,-1,-1,-1,-1,-1,-1,-1,False,195,1,1,0,0.001273,0.039784,14.650202,15.524576,4.270914,34.510129,stream,100000,4
operation,48,timer,2994016295,2994017449,2994050716,2994064400,3002494243,3021085987,3026577574,-1,8441908,15754722,12579,4441,0,2780906,1,1,0,0,1,27031,22684348,5355880,123382,28171318,-1,-1,24,22,-1,-1,-1,-1,-1,-1,-1,-1,-1,-1,-1,-1,-1,-1,-1,-1,-1,-1,-1,-1,-1,-1,-1,-1,-1,-1,-1,-1,False,195,1,1,0,0.001154,0.033267,8.429843,18.591744,5.491587,32.561279,stream,100000,4
operation,49,timer,3027081141,3027082219,3027117253,3027139575,3034633763,3051378798,3057227659,-1,7506404,13912497,8467,3662,0,2791909,1,1,0,0,1,16284,19431219,5619550,202685,25270265,-1,-1,24,22,-1,-1,-1,-1,-1,-1,-1,-1,-1,-1,-1,-1,-1,-1,-1,-1,-1,-1,-1,-1,-1,-1,-1,-1,-1,-1,-1,-1,False,195,1,1,0,0.001078,0.035034,7.494188,16.745035,5.848861,30.146518,stream,100000,4
operation,50,timer,3057723574,3057724885,3057794472,3057813661,3066844025,3081389001,3086136426,-1,9038466,11827469,9624,3859,0,2675539,1,1,0,0,1,20383,18203360,4637398,97606,22946165,-1,-1,24,22,-1,-1,-1,-1,-1,-1,-1,-1,-1,-1,-1,-1,-1,-1,-1,-1,-1,-1,-1,-1,-1,-1,-1,-1,-1,-1,-1,-1,False,195,1,1,0,0.001311,0.069587,9.030364,14.544976,4.747425,28.412852,stream,100000,4
operation,51,timer,3086491479,3086492650,3086530102,3086546306,3102404843,3126308454,3131753794,-1,15865846,17668413,12667,5328,0,6189901,1,1,0,0,1,19993,28674352,5336798,97128,34115452,-1,-1,24,22,-1,-1,-1,-1,-1,-1,-1,-1,-1,-1,-1,-1,-1,-1,-1,-1,-1,-1,-1,-1,-1,-1,-1,-1,-1,-1,-1,-1,False,195,1,1,0,0.001171,0.037452,15.858537,23.903611,5.44534,45.262315,stream,100000,4
operation,52,timer,3132093760,3132094851,3132127679,3132142144,3139278202,3158824845,3161907248,-1,7142894,17503942,6902,3117,0,2006245,1,1,0,0,1,19601,22175542,2909381,153544,25250497,-1,-1,24,22,-1,-1,-1,-1,-1,-1,-1,-1,-1,-1,-1,-1,-1,-1,-1,-1,-1,-1,-1,-1,-1,-1,-1,-1,-1,-1,-1,-1,False,195,1,1,0,0.001091,0.032828,7.136058,19.546643,3.082403,29.813488,stream,100000,4
operation,53,timer,3162281984,3162283202,3162322143,3162336707,3165105999,3176299660,3178579818,-1,2777406,9479689,15409,4988,0,1652762,1,1,0,0,1,32699,12456593,2175860,90094,14729488,-1,-1,25,22,-1,-1,-1,-1,-1,-1,-1,-1,-1,-1,-1,-1,-1,-1,-1,-1,-1,-1,-1,-1,-1,-1,-1,-1,-1,-1,-1,-1,False,196,1,1,0,0.001218,0.038941,2.769292,11.193661,2.280158,16.297834,stream,100000,4
operation,54,timer,3179022339,3179023471,3179054709,3179066854,3181866795,3193173732,3195381606,-1,2803465,9511224,6011,3459,0,1768097,1,1,0,0,1,14622,13062266,2133809,64845,15266081,-1,-1,25,22,-1,-1,-1,-1,-1,-1,-1,-1,-1,-1,-1,-1,-1,-1,-1,-1,-1,-1,-1,-1,-1,-1,-1,-1,-1,-1,-1,-1,False,196,1,1,0,0.001132,0.031238,2.799941,11.306937,2.207874,16.359267,stream,100000,4
operation,55,timer,3195653224,3195654260,3195683532,3195694806,3198258895,3206614762,3208858385,-1,2567747,6526696,5503,2751,0,1789914,1,1,0,0,1,27345,9792160,2163462,68881,12030534,-1,-1,24,22,-1,-1,-1,-1,-1,-1,-1,-1,-1,-1,-1,-1,-1,-1,-1,-1,-1,-1,-1,-1,-1,-1,-1,-1,-1,-1,-1,-1,False,195,1,1,0,0.001036,0.029272,2.564089,8.355867,2.243623,13.205161,stream,100000,4
operation,56,timer,3209099997,3209101264,3209132377,3209143961,3212050936,3222273333,3224608679,-1,2910783,8558252,5056,2499,0,1627225,1,1,0,0,1,25557,11532226,2247378,73764,13860326,-1,-1,24,22,-1,-1,-1,-1,-1,-1,-1,-1,-1,-1,-1,-1,-1,-1,-1,-1,-1,-1,-1,-1,-1,-1,-1,-1,-1,-1,-1,-1,False,195,1,1,0,0.001267,0.031113,2.906975,10.222397,2.335346,15.508682,stream,100000,4
operation,57,timer,3224860024,3224861123,3224893391,3224906328,3228018228,3237935300,3239805938,-1,3117525,8364502,5707,2620,0,1524891,1,1,0,0,1,13727,11522569,1733708,118475,13385297,-1,-1,24,22,-1,-1,-1,-1,-1,-1,-1,-1,-1,-1,-1,-1,-1,-1,-1,-1,-1,-1,-1,-1,-1,-1,-1,-1,-1,-1,-1,-1,False,195,1,1,0,0.001099,0.032268,3.1119,9.917072,1.870638,14.945914,stream,100000,4
operation,58,timer,3240118680,3240119867,3240170754,3240184387,3242580188,3252546680,3254803756,-1,2398984,8277425,5568,3268,0,1664402,1,1,0,0,1,12646,11568537,2173262,73285,13821416,-1,-1,24,22,-1,-1,-1,-1,-1,-1,-1,-1,-1,-1,-1,-1,-1,-1,-1,-1,-1,-1,-1,-1,-1,-1,-1,-1,-1,-1,-1,-1,False,195,1,1,0,0.001187,0.050887,2.395801,9.966492,2.257076,14.685076,stream,100000,4
operation,59,timer,3255079594,3255080615,3255111120,3255124205,3257691766,3267764073,3269871776,-1,2571717,8455775,6531,2879,0,1588795,1,1,0,0,1,14171,11367427,2016137,82235,13471308,-1,-1,24,22,-1,-1,-1,-1,-1,-1,-1,-1,-1,-1,-1,-1,-1,-1,-1,-1,-1,-1,-1,-1,-1,-1,-1,-1,-1,-1,-1,-1,False,195,1,1,0,0.001021,0.030505,2.567561,10.072307,2.107703,14.792182,stream,100000,4
operation,60,timer,3270118662,3270119665,3270148159,3270159805,3272399215,3282749679,3284803365,-1,2243011,8685162,6592,2947,0,1639759,1,1,0,0,1,12403,11570408,1976092,67862,13620145,-1,-1,24,22,-1,-1,-1,-1,-1,-1,-1,-1,-1,-1,-1,-1,-1,-1,-1,-1,-1,-1,-1,-1,-1,-1,-1,-1,-1,-1,-1,-1,False,195,1,1,0,0.001003,0.028494,2.23941,10.350464,2.053686,14.684703,stream,100000,4
operation,61,timer,3285026120,3285027050,3285054884,3285062416,3286846996,3297020914,3298884422,-1,1787968,8614469,6366,3459,0,1531216,1,1,0,0,1,15020,11208502,1793424,59699,13066925,-1,-1,24,22,-1,-1,-1,-1,-1,-1,-1,-1,-1,-1,-1,-1,-1,-1,-1,-1,-1,-1,-1,-1,-1,-1,-1,-1,-1,-1,-1,-1,False,195,1,1,0,0.00093,0.027834,1.78458,10.173918,1.863508,13.858302,stream,100000,4
operation,62,timer,3299102891,3299103933,3299126181,3299139866,3299808024,3322489759,3325354663,-1,671329,8919479,5313,11250,11934660,1761958,1,1,2,1,1,45904,23070425,2749759,92274,25928301,-1,-1,24,22,-1,-1,-1,-1,-1,-1,-1,-1,-1,-1,-1,-1,-1,-1,-1,-1,-1,-1,-1,-1,-1,-1,-1,-1,-1,-1,-1,-1,False,195,1,1,0,0.001042,0.022248,0.668158,22.681735,2.864904,26.251772,stream,100000,4
operation,3,timer,2030549204,2030550258,2115611070,2116134770,2124451357,2243980176,2257643685,-1,8320123,112312568,7880,2490,0,7185433,1,1,0,0,1,16912,123843055,13532489,101950,137483395,-1,-1,1048,66,-1,-1,-1,-1,-1,-1,-1,-1,-1,-1,-1,-1,-1,-1,-1,-1,-1,-1,-1,-1,-1,-1,-1,-1,-1,-1,-1,-1,False,2386,1,1,0,0.001054,85.060812,8.316587,119.528819,13.663509,227.094481,stream,100000,5
operation,4,timer,2257890859,2257891804,2305477852,2305513866,2314780303,2403246981,2412149809,-1,9270607,81010338,15867,3714,0,7397418,1,1,0,0,1,35171,94806110,8205193,676452,103704089,-1,-1,954,52,-1,-1,-1,-1,-1,-1,-1,-1,-1,-1,-1,-1,-1,-1,-1,-1,-1,-1,-1,-1,-1,-1,-1,-1,-1,-1,-1,-1,False,2179,1,1,0,0.000945,47.586048,9.266437,88.466678,8.902828,154.25895,stream,100000,5
operation,5,timer,2413287089,2413288206,2413320667,2413336000,2437722833,2507022368,2519665690,-1,24392311,61585835,8568,3489,0,7679451,1,1,0,0,1,16714,77165360,10823291,1524807,89522512,-1,-1,860,50,-1,-1,-1,-1,-1,-1,-1,-1,-1,-1,-1,-1,-1,-1,-1,-1,-1,-1,-1,-1,-1,-1,-1,-1,-1,-1,-1,-1,False,1886,1,1,0,0.001117,0.032461,24.386833,69.299535,12.643322,106.378601,stream,100000,5
operation,6,timer,2520838362,2520840470,2520950303,2520976910,2536357329,2618931397,2633424869,-1,15385610,72977680,7342,3313,0,9563966,1,1,0,0,1,16576,88474125,14339463,144203,102964243,-1,-1,766,49,-1,-1,-1,-1,-1,-1,-1,-1,-1,-1,-1,-1,-1,-1,-1,-1,-1,-1,-1,-1,-1,-1,-1,-1,-1,-1,-1,-1,False,1780,1,1,0,0.002108,0.109833,15.380419,82.574068,14.493472,112.586507,stream,100000,5
operation,7,timer,2635013919,2635014957,2635046472,2635060072,2654532566,2782645482,2801890188,-1,19477398,112558400,7342,3560,0,15520588,1,1,0,0,1,18122,134101233,19067428,148523,153324721,-1,-1,764,49,-1,-1,-1,-1,-1,-1,-1,-1,-1,-1,-1,-1,-1,-1,-1,-1,-1,-1,-1,-1,-1,-1,-1,-1,-1,-1,-1,-1,False,1777,1,1,0,0.001038,0.031515,19.472494,128.112916,19.244706,166.876269,stream,100000,5
operation,8,timer,2804042020,2804042965,2804072479,2804085028,2835741305,3044664985,3061778356,-1,31663121,195861298,8592,3591,0,13024021,1,1,0,0,1,19334,221244614,16860988,162004,238286980,-1,-1,741,44,-1,-1,-1,-1,-1,-1,-1,-1,-1,-1,-1,-1,-1,-1,-1,-1,-1,-1,-1,-1,-1,-1,-1,-1,-1,-1,-1,-1,False,1710,1,1,0,0.000945,0.029514,31.656277,208.92368,17.113371,257.736336,stream,100000,5
operation,9,timer,3062081411,3062082368,3062121333,3062133520,3096332229,3252141877,3265271276,-1,34204019,150462654,7507,3584,0,5315039,1,1,0,0,1,15554,166448882,13013955,88402,179556184,-1,-1,748,49,-1,-1,-1,-1,-1,-1,-1,-1,-1,-1,-1,-1,-1,-1,-1,-1,-1,-1,-1,-1,-1,-1,-1,-1,-1,-1,-1,-1,False,1761,1,1,0,0.000957,0.038965,34.198709,155.809648,13.129399,203.189865,stream,100000,5
operation,10,timer,3265514431,3265515517,3265543568,3265555856,3276904850,3383308159,3388216130,-1,11353043,101358753,6605,2459,0,5017031,1,1,0,0,1,14412,116696917,4385578,493629,121581870,-1,-1,787,40,-1,-1,-1,-1,-1,-1,-1,-1,-1,-1,-1,-1,-1,-1,-1,-1,-1,-1,-1,-1,-1,-1,-1,-1,-1,-1,-1,-1,False,1861,1,1,0,0.001086,0.028051,11.348994,106.403309,4.907971,122.701699,stream,100000,5
operation,11,timer,3388586969,3388587933,3388854128,3388873989,3393508753,3422312864,3424809611,-1,4638272,26839054,10033,2896,0,1932999,1,1,0,0,1,15621,31255690,2259302,220311,33746427,-1,-1,756,39,-1,-1,-1,-1,-1,-1,-1,-1,-1,-1,-1,-1,-1,-1,-1,-1,-1,-1,-1,-1,-1,-1,-1,-1,-1,-1,-1,-1,False,1623,1,1,0,0.000964,0.266195,4.634764,28.804111,2.496747,36.222642,stream,100000,5
operation,12,timer,3425212374,3425213578,3425251304,3425264829,3432449917,3458585040,3463080127,-1,7192007,23836219,9331,5031,0,2260427,1,1,0,0,1,17196,29290013,4351455,130282,33779897,-1,-1,661,39,-1,-1,-1,-1,-1,-1,-1,-1,-1,-1,-1,-1,-1,-1,-1,-1,-1,-1,-1,-1,-1,-1,-1,-1,-1,-1,-1,-1,False,1529,1,1,0,0.001204,0.037726,7.185088,26.135123,4.495087,37.867753,stream,100000,5
operation,13,timer,3463365544,3463366554,3463400607,3463417428,3478153620,3509497922,3518257317,-1,14740928,27910196,11427,3437,0,3397648,1,1,0,0,1,16858,39062267,8635516,112972,47817575,-1,-1,599,39,-1,-1,-1,-1,-1,-1,-1,-1,-1,-1,-1,-1,-1,-1,-1,-1,-1,-1,-1,-1,-1,-1,-1,-1,-1,-1,-1,-1,False,1283,1,1,0,0.00101,0.034053,14.736192,31.344302,8.759395,54.891773,stream,100000,5
operation,14,timer,3518516560,3518517547,3518545390,3518561447,3525107796,3560570197,3565290373,-1,6551651,27530467,6922,3668,0,7896212,1,1,0,0,1,19830,38186869,4454874,244531,42900166,-1,-1,524,44,-1,-1,-1,-1,-1,-1,-1,-1,-1,-1,-1,-1,-1,-1,-1,-1,-1,-1,-1,-1,-1,-1,-1,-1,-1,-1,-1,-1,False,1248,1,1,0,0.000987,0.027843,6.546349,35.462401,4.720176,46.773813,stream,100000,5
operation,15,timer,3566920856,3566925552,3566971826,3566998831,3581839958,3610473496,3615769193,-1,14851601,24576795,7743,3799,0,3997269,1,1,0,0,1,37458,34768326,4642481,630798,40055661,-1,-1,430,42,-1,-1,-1,-1,-1,-1,-1,-1,-1,-1,-1,-1,-1,-1,-1,-1,-1,-1,-1,-1,-1,-1,-1,-1,-1,-1,-1,-1,False,954,1,1,0,0.004696,0.046274,14.841127,28.633538,5.295697,48.848337,stream,100000,5
operation,16,timer,3616422195,3616423271,3616455272,3616468707,3623990990,3642145257,3650902116,-1,7527791,15695154,17610,4418,0,2410654,1,1,0,0,1,20923,21798316,4655482,425084,30549966,-1,-1,336,41,-1,-1,-1,-1,-1,-1,-1,-1,-1,-1,-1,-1,-1,-1,-1,-1,-1,-1,-1,-1,-1,-1,-1,-1,-1,-1,-1,-1,False,842,1,1,0,0.001076,0.032001,7.522283,18.154267,8.756859,34.479921,stream,100000,5
operation,17,timer,3651197682,3651198919,3651236039,3651250561,3668931797,3686472063,3690822142,-1,17688992,15225572,7754,3395,0,2281231,1,1,0,0,1,14558,20113802,4214116,124142,24460247,-1,-1,334,41,-1,-1,-1,-1,-1,-1,-1,-1,-1,-1,-1,-1,-1,-1,-1,-1,-1,-1,-1,-1,-1,-1,-1,-1,-1,-1,-1,-1,False,840,1,1,0,0.001237,0.03712,17.681236,17.540266,4.350079,39.62446,stream,100000,5
operation,18,timer,3691115000,3691115988,3691149947,3691163363,3698077676,3715582795,3721585843,-1,6920064,14709813,6579,3503,0,2743805,1,1,0,0,1,35668,20425544,5795171,184920,26419005,-1,-1,306,41,-1,-1,-1,-1,-1,-1,-1,-1,-1,-1,-1,-1,-1,-1,-1,-1,-1,-1,-1,-1,-1,-1,-1,-1,-1,-1,-1,-1,False,808,1,1,0,0.000988,0.033959,6.914313,17.505119,6.003048,30.470843,stream,100000,5
operation,19,timer,3721913723,3721914906,3721963913,3721978849,3728839960,3749864986,3757531900,-1,6866622,18658870,7242,3713,0,2333096,1,1,0,0,1,16594,23714906,7537851,119011,31378221,-1,-1,298,40,-1,-1,-1,-1,-1,-1,-1,-1,-1,-1,-1,-1,-1,-1,-1,-1,-1,-1,-1,-1,-1,-1,-1,-1,-1,-1,-1,-1,False,794,1,1,0,0.001183,0.049007,6.861111,21.025026,7.666914,35.618177,stream,100000,5
operation,20,timer,3757800633,3757801717,3757832169,3757845932,3764913073,3789773876,3801770172,-1,7072384,19036519,9431,3336,0,5788363,1,1,0,0,1,17911,27703175,11882781,103799,39695983,-1,-1,273,32,-1,-1,-1,-1,-1,-1,-1,-1,-1,-1,-1,-1,-1,-1,-1,-1,-1,-1,-1,-1,-1,-1,-1,-1,-1,-1,-1,-1,False,711,1,1,0,0.001084,0.030452,7.067141,24.860803,11.996296,43.969539,stream,100000,5
operation,21,timer,3802022123,3802023097,3802050789,3802062197,3808946973,3836768619,3852526596,-1,6890138,25133253,8740,3660,0,2655099,1,1,0,0,1,15532,30616066,15643969,102717,46370198,-1,-1,178,32,-1,-1,-1,-1,-1,-1,-1,-1,-1,-1,-1,-1,-1,-1,-1,-1,-1,-1,-1,-1,-1,-1,-1,-1,-1,-1,-1,-1,False,425,1,1,0,0.000974,0.027692,6.884776,27.821646,15.757977,50.504473,stream,100000,5
operation,22,timer,3852788898,3852789890,3852818501,3852831359,3870320576,3889560959,3894271850,-1,17495978,16704088,7027,3495,0,2501746,1,1,0,0,1,17266,25556704,4576872,122593,30264013,-1,-1,83,32,-1,-1,-1,-1,-1,-1,-1,-1,-1,-1,-1,-1,-1,-1,-1,-1,-1,-1,-1,-1,-1,-1,-1,-1,-1,-1,-1,-1,False,331,1,1,0,0.000992,0.028611,17.489217,19.240383,4.710891,41.482952,stream,100000,5
operation,23,timer,3894618923,3894619947,3894676724,3894694428,3905905012,3921572426,3926652098,-1,11220631,13104446,9186,4687,0,2520967,1,1,0,0,1,18081,19115353,4941065,127610,24191352,-1,-1,73,31,-1,-1,-1,-1,-1,-1,-1,-1,-1,-1,-1,-1,-1,-1,-1,-1,-1,-1,-1,-1,-1,-1,-1,-1,-1,-1,-1,-1,False,315,1,1,0,0.001024,0.056777,11.210584,15.667414,5.079672,32.033175,stream,100000,5
operation,24,timer,3927001112,3927002258,3927037605,3927051765,3934996677,3949212299,3954693352,-1,7950042,11460922,7560,3521,0,2675281,1,1,0,0,1,63208,17434910,5339671,126912,22910086,-1,-1,87,30,-1,-1,-1,-1,-1,-1,-1,-1,-1,-1,-1,-1,-1,-1,-1,-1,-1,-1,-1,-1,-1,-1,-1,-1,-1,-1,-1,-1,False,327,1,1,0,0.001146,0.035347,7.944912,14.215622,5.481053,27.69224,stream,100000,5
operation,25,timer,3955061146,3955062123,3955115530,3955134309,3966222001,3988903802,4000555889,-1,11093360,12272200,24144,6740,0,10334839,1,1,0,0,1,38210,28634856,9791683,1837224,40278450,-1,-1,56,22,-1,-1,-1,-1,-1,-1,-1,-1,-1,-1,-1,-1,-1,-1,-1,-1,-1,-1,-1,-1,-1,-1,-1,-1,-1,-1,-1,-1,False,234,1,1,0,0.000977,0.053407,11.087692,22.681801,11.652087,45.494743,stream,100000,5
operation,26,timer,4001011373,4001012929,4001058824,4001072704,4008886045,4024064792,4028514665,-1,7827100,9922999,7459,2696,0,5198637,1,1,0,0,1,33197,18238800,4275383,148265,22677414,-1,-1,56,22,-1,-1,-1,-1,-1,-1,-1,-1,-1,-1,-1,-1,-1,-1,-1,-1,-1,-1,-1,-1,-1,-1,-1,-1,-1,-1,-1,-1,False,234,1,1,0,0.001556,0.045895,7.813341,15.178747,4.449873,27.503292,stream,100000,5
operation,27,timer,4028909258,4028911076,4028976305,4028993146,4031517986,4043896823,4045866111,-1,2528795,10688638,6346,2712,0,1663286,1,1,0,0,1,13900,13711918,1898712,61378,15677440,-1,-1,56,22,-1,-1,-1,-1,-1,-1,-1,-1,-1,-1,-1,-1,-1,-1,-1,-1,-1,-1,-1,-1,-1,-1,-1,-1,-1,-1,-1,-1,False,234,1,1,0,0.001818,0.065229,2.52484,12.378837,1.969288,16.956853,stream,100000,5
operation,28,timer,4046135471,4046136551,4046165834,4046177797,4048364806,4062389727,4064343014,-1,2190550,12407713,6002,2495,0,1588306,1,1,0,0,1,16864,15201832,1879140,64859,17151220,-1,-1,56,22,-1,-1,-1,-1,-1,-1,-1,-1,-1,-1,-1,-1,-1,-1,-1,-1,-1,-1,-1,-1,-1,-1,-1,-1,-1,-1,-1,-1,False,234,1,1,0,0.00108,0.029283,2.187009,14.024921,1.953287,18.207543,stream,100000,5
operation,29,timer,4064568292,4064569254,4064597678,4064609799,4068335746,4078988367,4081781412,-1,3730062,8965344,6544,2569,0,1657856,1,1,0,0,1,16193,12021762,2671242,102592,14805907,-1,-1,56,22,-1,-1,-1,-1,-1,-1,-1,-1,-1,-1,-1,-1,-1,-1,-1,-1,-1,-1,-1,-1,-1,-1,-1,-1,-1,-1,-1,-1,False,234,1,1,0,0.000962,0.028424,3.725947,10.652621,2.793045,17.21312,stream,100000,5
operation,30,timer,4082172475,4082174478,4082239508,4082257773,4084941301,4095257199,4097992582,-1,2687414,8248012,16105,6064,0,2011493,1,1,0,0,1,30338,11720346,2650259,72821,14449819,-1,-1,56,22,-1,-1,-1,-1,-1,-1,-1,-1,-1,-1,-1,-1,-1,-1,-1,-1,-1,-1,-1,-1,-1,-1,-1,-1,-1,-1,-1,-1,False,234,1,1,0,0.002003,0.06503,2.683528,10.315898,2.735383,15.820107,stream,100000,5
operation,31,timer,4098229550,4098230523,4098261190,4098274720,4100589919,4116039263,4118662792,-1,2319316,13204106,5613,2774,0,2187232,1,1,0,0,1,45502,16656275,2534759,77792,19274280,-1,-1,56,22,-1,-1,-1,-1,-1,-1,-1,-1,-1,-1,-1,-1,-1,-1,-1,-1,-1,-1,-1,-1,-1,-1,-1,-1,-1,-1,-1,-1,False,234,1,1,0,0.000973,0.030667,2.315199,15.449344,2.623529,20.433242,stream,100000,5
operation,32,timer,4119165229,4119166248,4119368872,4119386812,4122055172,4144189822,4146454311,-1,2672004,20306184,6096,2693,0,1788883,1,1,0,0,1,27150,23376376,2186542,67896,25636617,-1,-1,56,22,-1,-1,-1,-1,-1,-1,-1,-1,-1,-1,-1,-1,-1,-1,-1,-1,-1,-1,-1,-1,-1,-1,-1,-1,-1,-1,-1,-1,False,234,1,1,0,0.001019,0.202624,2.66836,22.13465,2.264489,27.289082,stream,100000,5
operation,33,timer,4146701183,4146702215,4146729159,4146740789,4150147014,4162977846,4169024865,-1,3410069,10817438,12968,4416,0,1975700,1,1,0,0,1,16466,14041815,5945524,79444,20084417,-1,-1,57,22,-1,-1,-1,-1,-1,-1,-1,-1,-1,-1,-1,-1,-1,-1,-1,-1,-1,-1,-1,-1,-1,-1,-1,-1,-1,-1,-1,-1,False,235,1,1,0,0.001032,0.026944,3.406225,12.830832,6.047019,22.323682,stream,100000,5
operation,34,timer,4169279189,4169280262,4169310886,4169325277,4176142447,4192988552,4199474072,-1,6837956,14208410,8476,3597,0,2584651,1,1,0,0,1,20185,19765250,6368032,104662,26246510,-1,-1,57,22,-1,-1,-1,-1,-1,-1,-1,-1,-1,-1,-1,-1,-1,-1,-1,-1,-1,-1,-1,-1,-1,-1,-1,-1,-1,-1,-1,-1,False,235,1,1,0,0.001073,0.030624,6.81717,16.846105,6.48552,30.194883,stream,100000,5
operation,35,timer,4199860313,4199861401,4199918065,4199932986,4207504947,4224559862,4242303390,-1,7578877,14525530,7068,3887,0,2489781,1,1,0,0,1,21733,20041508,17615108,117265,37780497,-1,-1,24,22,-1,-1,-1,-1,-1,-1,-1,-1,-1,-1,-1,-1,-1,-1,-1,-1,-1,-1,-1,-1,-1,-1,-1,-1,-1,-1,-1,-1,False,195,1,1,0,0.001088,0.056664,7.571961,17.054915,17.743528,42.443077,stream,100000,5
operation,36,timer,4242704101,4242705317,4242742556,4242757041,4263180106,4282545550,4288162602,-1,20432704,15517613,8546,3668,0,3797169,1,1,0,0,1,28809,27627773,5434802,163804,33236733,-1,-1,24,22,-1,-1,-1,-1,-1,-1,-1,-1,-1,-1,-1,-1,-1,-1,-1,-1,-1,-1,-1,-1,-1,-1,-1,-1,-1,-1,-1,-1,False,195,1,1,0,0.001216,0.037239,20.423065,19.365444,5.617052,45.458501,stream,100000,5
operation,37,timer,4288640312,4288641404,4288711240,4288734209,4298278299,4316367164,4321498963,-1,9549613,15190071,25397,18907,0,2822782,1,1,0,0,1,26185,21819168,5012847,94062,26933853,-1,-1,24,22,-1,-1,-1,-1,-1,-1,-1,-1,-1,-1,-1,-1,-1,-1,-1,-1,-1,-1,-1,-1,-1,-1,-1,-1,-1,-1,-1,-1,False,195,1,1,0,0.001092,0.069836,9.54409,18.088865,5.131799,32.858651,stream,100000,5
operation,38,timer,4321933080,4321934029,4321970420,4321983830,4330477814,4346438080,4351943041,-1,8502596,13329748,7069,3676,0,2564937,1,1,0,0,1,46224,19210010,5244936,209523,24700326,-1,-1,24,22,-1,-1,-1,-1,-1,-1,-1,-1,-1,-1,-1,-1,-1,-1,-1,-1,-1,-1,-1,-1,-1,-1,-1,-1,-1,-1,-1,-1,False,195,1,1,0,0.000949,0.036391,8.493984,15.960266,5.504961,30.009961,stream,100000,5
operation,39,timer,4352609816,4352612049,4352698235,4352720409,4361242710,4378480050,4384676105,-1,8529807,14589596,6965,3579,0,2613011,1,1,0,0,1,16683,20552790,6087513,97285,26744956,-1,-1,24,22,-1,-1,-1,-1,-1,-1,-1,-1,-1,-1,-1,-1,-1,-1,-1,-1,-1,-1,-1,-1,-1,-1,-1,-1,-1,-1,-1,-1,False,195,1,1,0,0.002233,0.086186,8.522301,17.23734,6.196055,32.066289,stream,100000,5
operation,40,timer,4385102396,4385103618,4385141216,4385156526,4393449658,4407827668,4412189362,-1,8310910,12061801,7095,3646,0,2273714,1,1,0,0,1,13976,17836099,4259833,90864,22193857,-1,-1,24,22,-1,-1,-1,-1,-1,-1,-1,-1,-1,-1,-1,-1,-1,-1,-1,-1,-1,-1,-1,-1,-1,-1,-1,-1,-1,-1,-1,-1,False,195,1,1,0,0.001222,0.037598,8.293132,14.37801,4.361694,27.086966,stream,100000,5
operation,41,timer,4412538515,4412539811,4412575859,4412597423,4420125595,4433651149,4437033834,-1,7533182,11167742,6766,3230,0,2326841,1,1,0,0,1,15965,16516585,3312309,61101,19895623,-1,-1,24,22,-1,-1,-1,-1,-1,-1,-1,-1,-1,-1,-1,-1,-1,-1,-1,-1,-1,-1,-1,-1,-1,-1,-1,-1,-1,-1,-1,-1,False,195,1,1,0,0.001296,0.036048,7.528172,13.525554,3.382685,24.495319,stream,100000,5
operation,42,timer,4437425808,4437427075,4437455602,4437467165,4439758572,4450522605,4452398462,-1,2294708,9098472,17910,2724,0,1624487,1,1,0,0,1,17139,11969793,1807490,59385,13842010,-1,-1,24,22,-1,-1,-1,-1,-1,-1,-1,-1,-1,-1,-1,-1,-1,-1,-1,-1,-1,-1,-1,-1,-1,-1,-1,-1,-1,-1,-1,-1,False,195,1,1,0,0.001267,0.028527,2.291407,10.764033,1.875857,14.972654,stream,100000,5
operation,43,timer,4452641017,4452642068,4452669580,4452681047,4456306245,4466030383,4468539771,-1,3629296,7976340,7053,2462,0,1702643,1,1,0,0,1,31542,11734860,2432355,65164,14238916,-1,-1,25,22,-1,-1,-1,-1,-1,-1,-1,-1,-1,-1,-1,-1,-1,-1,-1,-1,-1,-1,-1,-1,-1,-1,-1,-1,-1,-1,-1,-1,False,196,1,1,0,0.001051,0.027512,3.625198,9.724138,2.509388,15.898754,stream,100000,5
operation,44,timer,4468786354,4468787270,4468814943,4468826320,4471234290,4480392831,4482568560,-1,2412432,8018534,4042,1668,0,1119701,1,1,0,0,1,10134,10447448,2024019,128423,12613637,-1,-1,25,22,-1,-1,-1,-1,-1,-1,-1,-1,-1,-1,-1,-1,-1,-1,-1,-1,-1,-1,-1,-1,-1,-1,-1,-1,-1,-1,-1,-1,False,196,1,1,0,0.000916,0.027673,2.40797,9.158541,2.175729,13.782206,stream,100000,5
operation,45,timer,4482999661,4483001035,4483053382,4483069384,4485613936,4495894864,4497846509,-1,2547686,8493587,9837,4008,0,1749189,1,1,0,0,1,21173,11558975,1869449,72400,13506409,-1,-1,24,22,-1,-1,-1,-1,-1,-1,-1,-1,-1,-1,-1,-1,-1,-1,-1,-1,-1,-1,-1,-1,-1,-1,-1,-1,-1,-1,-1,-1,False,195,1,1,0,0.001374,0.052347,2.544552,10.280928,1.951645,14.846848,stream,100000,5
operation,46,timer,4498115099,4498116332,4498149553,4498165475,4500954630,4509207279,4510702175,-1,2793911,7092299,4124,1612,0,1140813,1,1,0,0,1,9045,9841444,1448487,41265,11333792,-1,-1,24,22,-1,-1,-1,-1,-1,-1,-1,-1,-1,-1,-1,-1,-1,-1,-1,-1,-1,-1,-1,-1,-1,-1,-1,-1,-1,-1,-1,-1,False,195,1,1,0,0.001233,0.033221,2.789155,8.252649,1.494896,12.587076,stream,100000,5
operation,47,timer,4510851824,4510852325,4510880405,4510888789,4512091435,4520718682,4523210590,-1,1204498,7191586,3930,1512,0,1415192,1,1,0,0,1,13175,9276112,2287897,175515,11757668,-1,-1,24,22,-1,-1,-1,-1,-1,-1,-1,-1,-1,-1,-1,-1,-1,-1,-1,-1,-1,-1,-1,-1,-1,-1,-1,-1,-1,-1,-1,-1,False,195,1,1,0,0.000501,0.02808,1.202646,8.627247,2.491908,12.358766,stream,100000,5
operation,48,timer,4523450287,4523451354,4523480230,4523493041,4526236069,4535950473,4538331090,-1,2746240,8105563,8751,3307,0,1580673,1,1,0,0,1,12898,11247798,2297991,73642,13624689,-1,-1,24,22,-1,-1,-1,-1,-1,-1,-1,-1,-1,-1,-1,-1,-1,-1,-1,-1,-1,-1,-1,-1,-1,-1,-1,-1,-1,-1,-1,-1,False,195,1,1,0,0.001067,0.028876,2.743028,9.714404,2.380617,14.880803,stream,100000,5
operation,49,timer,4538564061,4538564951,4538590218,4538600681,4541154078,4549771894,4552231441,-1,2557231,6994226,5205,2456,0,1595575,1,1,0,0,1,16520,9802246,2400208,50020,12257133,-1,-1,24,22,-1,-1,-1,-1,-1,-1,-1,-1,-1,-1,-1,-1,-1,-1,-1,-1,-1,-1,-1,-1,-1,-1,-1,-1,-1,-1,-1,-1,False,195,1,1,0,0.00089,0.025267,2.553397,8.617816,2.459547,13.66738,stream,100000,5
operation,50,timer,4552464477,4552465384,4552492869,4552504050,4555259141,4564226463,4566566455,-1,2758567,7350847,6687,2430,0,1591313,1,1,0,0,1,12569,10137480,2270829,59923,12473728,-1,-1,24,22,-1,-1,-1,-1,-1,-1,-1,-1,-1,-1,-1,-1,-1,-1,-1,-1,-1,-1,-1,-1,-1,-1,-1,-1,-1,-1,-1,-1,False,195,1,1,0,0.000907,0.027485,2.755091,8.967322,2.339992,14.101978,stream,100000,5
operation,51,timer,4566795211,4566796244,4566827907,4566839817,4569344813,4578562249,4580823969,-1,2512197,7954108,5652,1632,0,1238340,1,1,0,0,1,10503,10492709,2198287,55718,12751222,-1,-1,24,22,-1,-1,-1,-1,-1,-1,-1,-1,-1,-1,-1,-1,-1,-1,-1,-1,-1,-1,-1,-1,-1,-1,-1,-1,-1,-1,-1,-1,False,195,1,1,0,0.001033,0.031663,2.504996,9.217436,2.26172,14.028758,stream,100000,5
operation,52,timer,4581056314,4581057176,4581082008,4581092378,4583524572,4594260695,4598579133,-1,2436197,8309893,6173,4237,0,2395132,1,1,0,0,1,16685,12233619,4076785,208784,16545913,-1,-1,24,22,-1,-1,-1,-1,-1,-1,-1,-1,-1,-1,-1,-1,-1,-1,-1,-1,-1,-1,-1,-1,-1,-1,-1,-1,-1,-1,-1,-1,False,195,1,1,0,0.000862,0.024832,2.432194,10.736123,4.318438,17.522819,stream,100000,5
operation,53,timer,4599166627,4599168411,4599277448,4599324560,4609645154,4625976594,4631236181,-1,10327644,13808485,7787,3186,0,2489071,1,1,0,0,1,15861,20369418,5164609,84733,25625304,-1,-1,25,22,-1,-1,-1,-1,-1,-1,-1,-1,-1,-1,-1,-1,-1,-1,-1,-1,-1,-1,-1,-1,-1,-1,-1,-1,-1,-1,-1,-1,False,196,1,1,0,0.001784,0.109037,10.320594,16.33144,5.259587,32.069554,stream,100000,5
operation,54,timer,4631508543,4631509491,4631538976,4631552657,4639114413,4653377043,4657442684,-1,7570331,11682778,18578,4818,0,2528193,1,1,0,0,1,19688,17609369,3937628,117376,21671176,-1,-1,25,22,-1,-1,-1,-1,-1,-1,-1,-1,-1,-1,-1,-1,-1,-1,-1,-1,-1,-1,-1,-1,-1,-1,-1,-1,-1,-1,-1,-1,False,196,1,1,0,0.000948,0.029485,7.561756,14.26263,4.065641,25.934141,stream,100000,5
operation,55,timer,4657685014,4657686047,4657719336,4657733482,4664516935,4677809847,4681814792,-1,6789013,10725090,13806,5508,0,2511791,1,1,0,0,1,31157,15868696,3903876,88367,19867695,-1,-1,24,22,-1,-1,-1,-1,-1,-1,-1,-1,-1,-1,-1,-1,-1,-1,-1,-1,-1,-1,-1,-1,-1,-1,-1,-1,-1,-1,-1,-1,False,195,1,1,0,0.001033,0.033289,6.783453,13.292912,4.004945,24.129778,stream,100000,5
operation,56,timer,4682079901,4682081111,4682113137,4682126602,4688298739,4701656755,4705377532,-1,6179001,11170648,9992,5060,0,2151066,1,1,0,0,1,14386,15936213,3637467,73046,19653160,-1,-1,24,22,-1,-1,-1,-1,-1,-1,-1,-1,-1,-1,-1,-1,-1,-1,-1,-1,-1,-1,-1,-1,-1,-1,-1,-1,-1,-1,-1,-1,False,195,1,1,0,0.00121,0.032026,6.172137,13.358016,3.720777,23.297631,stream,100000,5
operation,57,timer,4705612177,4705613279,4705642727,4705656159,4710732613,4722951170,4726209898,-1,5081372,9783200,14193,3597,0,2379467,1,1,0,0,1,33182,14328735,3168193,76835,17581642,-1,-1,24,22,-1,-1,-1,-1,-1,-1,-1,-1,-1,-1,-1,-1,-1,-1,-1,-1,-1,-1,-1,-1,-1,-1,-1,-1,-1,-1,-1,-1,False,195,1,1,0,0.001102,0.029448,5.076454,12.218557,3.258728,20.597721,stream,100000,5
operation,58,timer,4726427976,4726429143,4726460522,4726472911,4731444749,4744841002,4748716073,-1,4976769,10991402,6457,3290,0,2363134,1,1,0,0,1,27039,15539625,3772724,86837,19408050,-1,-1,24,22,-1,-1,-1,-1,-1,-1,-1,-1,-1,-1,-1,-1,-1,-1,-1,-1,-1,-1,-1,-1,-1,-1,-1,-1,-1,-1,-1,-1,False,195,1,1,0,0.001167,0.031379,4.971838,13.396253,3.875071,22.288097,stream,100000,5
operation,59,timer,4749035813,4749036972,4749071920,4749088584,4757303053,4771016739,4773344794,-1,8226294,11330665,6743,4125,0,2344742,1,1,0,0,1,15586,16994277,2260013,58497,19317972,-1,-1,24,22,-1,-1,-1,-1,-1,-1,-1,-1,-1,-1,-1,-1,-1,-1,-1,-1,-1,-1,-1,-1,-1,-1,-1,-1,-1,-1,-1,-1,False,195,1,1,0,0.001159,0.034948,8.214469,13.713686,2.328055,24.308981,stream,100000,5
operation,60,timer,4773517683,4773518231,4773549638,4773559619,4779811950,4794830424,4799547335,-1,6257551,12309141,8032,4530,0,2660054,1,1,0,0,1,31497,17753227,4542002,152425,22461784,-1,-1,24,22,-1,-1,-1,-1,-1,-1,-1,-1,-1,-1,-1,-1,-1,-1,-1,-1,-1,-1,-1,-1,-1,-1,-1,-1,-1,-1,-1,-1,False,195,1,1,0,0.000548,0.031407,6.252331,15.018474,4.716911,26.029652,stream,100000,5
operation,61,timer,4799902758,4799904409,4799954399,4799969612,4805476509,4816825056,4819333525,-1,5513805,9582487,7340,3174,0,1731716,1,1,0,0,1,16922,12946015,2378338,111616,15447214,-1,-1,24,22,-1,-1,-1,-1,-1,-1,-1,-1,-1,-1,-1,-1,-1,-1,-1,-1,-1,-1,-1,-1,-1,-1,-1,-1,-1,-1,-1,-1,False,195,1,1,0,0.001651,0.04999,5.506897,11.348547,2.508469,19.430767,stream,100000,5
operation,62,timer,4819680812,4819682471,4819740638,4819768022,4820747702,4843953745,4845412218,-1,986203,8921606,4749,8552,12304876,1931435,1,1,2,1,1,28302,23706017,1388193,63899,25160686,-1,-1,24,22,-1,-1,-1,-1,-1,-1,-1,-1,-1,-1,-1,-1,-1,-1,-1,-1,-1,-1,-1,-1,-1,-1,-1,-1,-1,-1,-1,-1,False,195,1,1,0,0.001659,0.058167,0.97968,23.206043,1.458473,25.731406,stream,100000,5
